merchant_id,state,timestamp,trans_currency,transaction_id,type,merchant_city,merchant_category,merchant_postcode,_3ds,charged_amount,charged_currency,merchant_country,merchant_description,fx_rate,trans_amount,user_id,points_earned,mcc,_wallet,raw_merchant_description,terminal_id
b3252820-0ad1-4387-8429-8532a4b428fc,settled,2024-05-05 18:20:24,GBP,93bda8b4-9809-4ef1-ad15-ea02daa48b3d,contactless,London,restaurant,EC1A1BB,True,57.39,GBP,GBR,FRIVE LTD,,57.39,37e2cb0e-01f6-45db-914c-6d8863a92600,286,5811,APPLE_PAY,FRIVE,95319
6d0adec8-d519-4df8-bb73-1cb4fe14748e,settled,2024-01-19 18:03:43,GBP,331fb6c7-e81a-437d-bfa1-15ed714a24e3,contactless,London,restaurant,EC1A1BB,True,13.62,GBP,GBR,THE FRIVE,,13.62,37e2cb0e-01f6-45db-914c-6d8863a92600,68,5811,APPLE_PAY,FRIVE,22337
9988e8ad-0196-4cf9-b534-1047e2b88ba6,settled,2024-05-22 00:28:03,GBP,c5f1e806-e754-45af-ab25-09a3d5fc7eec,contactless,London,restaurant,EC1A1BB,True,39.14,GBP,GBR,THE FRIVE,,39.14,37e2cb0e-01f6-45db-914c-6d8863a92600,195,5811,APPLE_PAY,FRIVE,38140
73aea34f-1a35-4ad2-a9bf-fa4511621a86,settled,2024-01-15 13:29:05,GBP,e3f4266f-7286-4678-a7a6-16fa61010fe8,contactless,London,restaurant,EC1A1BB,True,14.3,GBP,GBR,FRIVE LTD,,14.3,e52c4efa-d593-46da-892e-3708e27a0de3,71,5811,APPLE_PAY,FRIVE,19156
3089873e-7525-4b86-8c42-2f066cf7b7fe,settled,2024-04-03 11:08:30,GBP,e48323d1-ecd9-4d95-b1d9-061704ad04ab,contactless,London,restaurant,EC1A1BB,True,14.54,GBP,GBR,FRIVE LTD,,14.54,e52c4efa-d593-46da-892e-3708e27a0de3,72,5811,APPLE_PAY,FRIVE,17747
1ef4245d-1c3e-4969-9b0c-b03ee4b5cc6b,settled,2024-11-17 02:49:13,GBP,31698e6c-c38a-41b0-bfb9-eccf31d20f89,contactless,London,restaurant,EC1A1BB,True,38.27,GBP,GBR,frive,,38.27,e52c4efa-d593-46da-892e-3708e27a0de3,191,5811,APPLE_PAY,FRIVE,92657
b21da73c-f05c-48ed-b417-d88891d7c641,settled,2024-08-31 16:06:05,GBP,65dbbd46-d6d9-4cfc-bbff-4044628b5754,contactless,London,restaurant,EC1A1BB,True,39.15,GBP,GBR,FRIVE,,39.15,b7b9f418-63d5-4bc5-bee9-f925f8f2b803,195,5811,APPLE_PAY,FRIVE,85642
02591d09-f7e6-4ad7-b609-0161acebab30,settled,2024-08-15 09:38:29,GBP,c9759ff9-2f2a-432c-af2d-5fc624a77cf8,contactless,London,restaurant,EC1A1BB,True,29.83,GBP,GBR,frive,,29.83,b7b9f418-63d5-4bc5-bee9-f925f8f2b803,149,5811,APPLE_PAY,FRIVE,16105
9b2cff7e-4c1a-4624-b97f-96778a405a52,settled,2024-08-04 04:29:34,GBP,db9288ad-3162-4e0a-bbe6-1f067f81ea9d,contactless,London,restaurant,EC1A1BB,True,52.92,GBP,GBR,Frive,,52.92,b7b9f418-63d5-4bc5-bee9-f925f8f2b803,264,5811,APPLE_PAY,FRIVE,64937
3bb0f1f6-4aa5-4c17-8e53-7028c9e96e02,settled,2024-02-26 00:33:17,GBP,544e9a61-2cbd-4d4d-afae-23fc15d33f76,contactless,London,restaurant,EC1A1BB,True,37.03,GBP,GBR,THE FRIVE,,37.03,79b4e5a2-a0a3-4366-a683-a830c97e130b,185,5811,APPLE_PAY,FRIVE,50433
ddd12fc3-8544-40ab-9d32-47e83feee003,settled,2024-08-05 13:58:34,GBP,28ab76a9-dd79-4bd1-bf1b-44fa31a3393e,contactless,London,restaurant,EC1A1BB,True,50.81,GBP,GBR,frive,,50.81,79b4e5a2-a0a3-4366-a683-a830c97e130b,254,5811,APPLE_PAY,FRIVE,23507
363f700a-acf5-4a19-a251-2193c6e82127,settled,2024-08-13 20:54:23,GBP,c7def38d-dec1-4548-bcbd-2143a0f6b727,contactless,London,restaurant,EC1A1BB,True,38.56,GBP,GBR,frive,,38.56,79b4e5a2-a0a3-4366-a683-a830c97e130b,192,5811,APPLE_PAY,FRIVE,58810
5de032fc-48c0-4141-8018-10c4a54d9f9a,settled,2024-02-07 20:07:07,GBP,521f3efb-8753-43fb-9e69-eedf4f7224fc,contactless,London,restaurant,EC1A1BB,True,37.39,GBP,GBR,FRIVE,,37.39,0c796ddd-8cd1-4192-a4ad-fd023d51f23c,186,5811,APPLE_PAY,FRIVE,83972
a3845c01-950d-42ef-a325-c18dab66d7b5,settled,2024-01-24 03:31:23,GBP,30bcda8b-c959-465a-b5a3-a7c9eee17d28,contactless,London,restaurant,EC1A1BB,True,40.95,GBP,GBR,FRIVE LTD,,40.95,0c796ddd-8cd1-4192-a4ad-fd023d51f23c,204,5811,APPLE_PAY,FRIVE,99181
7b116984-3365-478b-8bd7-0c1ad6643373,settled,2024-07-25 11:59:30,GBP,4380846a-8396-490c-9a96-4744f40105fd,contactless,London,restaurant,EC1A1BB,True,31.38,GBP,GBR,Frive,,31.38,0c796ddd-8cd1-4192-a4ad-fd023d51f23c,156,5811,APPLE_PAY,FRIVE,71027
f8232830-e564-4f63-b388-c9c7eeb6e3d6,settled,2025-08-16 09:49:55,GBP,92b2a4fe-db92-43cf-8178-a17dd4029a02,online,London,restaurant,EC1A1BB,False,63.03,GBP,GBR,Pizza Pilgrims,,63.03,ae45ec26-bb2e-4aa8-af19-033b46c09b04,315,5811,,Pizza Pilgrims,68829
07212608-62c5-4945-a7b4-b08112ab6e4a,settled,2025-04-22 19:46:28,EUR,0a95cfd4-30c3-4f2c-bcb7-03d92a45c66b,contactless,London,restaurant,EC1A1BB,False,11.6,EUR,GBR,Go Puff,0.72,11.6,1fb2fb40-409b-415d-9ae5-2bf40f8c474b,58,5411,,Go Puff,54580
5ebb318a-3105-4a71-8f94-5c77b48cd457,settled,2025-09-28 00:37:21,GBP,748f7ee1-9495-48dc-ad3d-8c6b4608f90a,chip_and_pin,London,restaurant,EC1A1BB,True,17.02,GBP,GBR,Honest Burgers,,17.02,9119c8ee-2828-4148-8dd2-e09eee42ee67,85,5811,,Honest Burgers,17952
c9683da1-d90d-4d27-8878-e6bb9573255d,settled,2025-10-11 22:53:56,GBP,9a9697df-bf6c-4bc4-9409-8e856766a708,chip_and_pin,London,restaurant,EC1A1BB,False,109.34,GBP,GBR,THE FRIVE,,109.34,4c5d30c1-c7d7-4291-80af-82e80f68f70e,547,5811,GOOGLE_PAY,THE FRIVE,12957
103ec73b-720a-4d21-8f91-c0cd200799bb,settled,2025-06-29 07:18:43,GBP,4397e926-a4bc-4252-b03e-21ba0b186d7e,online,London,restaurant,EC1A1BB,False,13.73,GBP,GBR,Gopuff,,13.73,9119c8ee-2828-4148-8dd2-e09eee42ee67,69,5411,GOOGLE_PAY,Gopuff,20561
53301417-b10c-4fb4-85af-e1a6f047d9b0,settled,2025-03-06 14:38:46,GBP,cf57867c-8a26-4f35-9483-fb97dea37c30,chip_and_pin,London,restaurant,EC1A1BB,False,98.92,GBP,GBR,Frive,,98.92,5d1937ae-6f42-45dd-a708-a3d8b2ef1089,495,5811,GOOGLE_PAY,Frive,57024
e30f9806-189f-4574-87e0-a5923a104040,settled,2025-09-23 03:26:24,GBP,d3c65132-ebcd-43df-8e7e-e66824fe980d,chip_and_pin,London,restaurant,EC1A1BB,True,12.05,GBP,GBR,Gopuff,,12.05,dc6fc45e-5eb0-413b-b418-aeef67c8e83f,60,5411,GOOGLE_PAY,Gopuff,44438
fa945036-12f9-4d80-90fb-02e4bafe8672,declined,2025-04-20 11:47:05,GBP,84527f62-9edf-43e9-828a-d5eb06dbeebc,chip_and_pin,London,restaurant,EC1A1BB,True,53.34,GBP,GBR,Hoppers Soho,,53.34,37e2cb0e-01f6-45db-914c-6d8863a92600,0,5811,,Hoppers Soho,69853
ad7a5672-43e5-45c4-94d5-8bc0dd6fb3a3,settled,2025-12-16 08:15:19,GBP,5314388e-9ef5-4926-9b42-988df06db890,online,London,restaurant,EC1A1BB,True,40.64,GBP,GBR,Franco Manca,,40.64,ba4ea1a4-1566-49f4-a5ea-5b3bafe4c133,203,5811,,Franco Manca,34983
7e60dc9c-e3dd-4f75-b8f5-0ce1c8a599de,settled,2025-01-27 03:43:30,GBP,48091b61-a06a-49d3-9b80-295032956a1d,chip_and_pin,London,restaurant,EC1A1BB,True,47.31,GBP,GBR,FRIVE,,47.31,57f7500a-2b65-46ee-b0ae-bf00a8c9ef60,237,5811,APPLE_PAY,FRIVE,57659
0ad9c4d2-713a-48f6-b1c3-1384a6772af8,settled,2025-08-27 08:26:45,GBP,594db056-9f46-42ed-a2fb-e4106b8bd4cf,chip_and_pin,London,restaurant,EC1A1BB,False,73.34,GBP,GBR,frive,,73.34,37e2cb0e-01f6-45db-914c-6d8863a92600,367,5811,GOOGLE_PAY,frive,72147
9724d72f-cbdc-424a-805b-22cfbdf44c6d,settled,2025-02-17 16:58:21,GBP,d80b2a05-7640-4d10-813c-cfe7a4df64ab,online,London,restaurant,EC1A1BB,False,47.07,GBP,GBR,Honest Burgers,,47.07,79b4e5a2-a0a3-4366-a683-a830c97e130b,235,5811,,Honest Burgers,72733
28c9fd3a-223c-4123-90ed-23e2568b7059,settled,2025-11-18 21:29:31,GBP,b1323d3b-69b3-45cf-8f4b-f5c0488478b7,online,London,restaurant,EC1A1BB,True,10.86,GBP,GBR,GOPUFF*DELIVERY,,10.86,4c5d30c1-c7d7-4291-80af-82e80f68f70e,54,5411,,GOPUFF*DELIVERY,44224
4ff59a38-26b7-4c86-bde3-83d4d71b4de5,settled,2025-07-21 07:48:32,GBP,c46b81b7-201d-4179-b861-4d31c63f62a5,chip_and_pin,London,restaurant,EC1A1BB,True,50.88,GBP,GBR,Padella Borough,,50.88,9119c8ee-2828-4148-8dd2-e09eee42ee67,254,5811,APPLE_PAY,Padella Borough,41377
0a9de469-1767-4206-ad83-23f2999dc7ed,settled,2025-11-14 19:24:57,GBP,f6a106d7-7a7d-43e6-bce3-35fb59a8fe8d,online,London,restaurant,EC1A1BB,False,19.22,GBP,GBR,Go Puff,,19.22,d889683c-0b36-4e3a-bad5-2c7da4cdf851,96,5411,GOOGLE_PAY,Go Puff,35381
496f2623-972e-473e-9fa9-3efd500c558a,declined,2025-09-26 22:46:20,GBP,53f15f11-4eaf-4d0c-ad4a-208f3f3068e7,contactless,London,restaurant,EC1A1BB,True,84.13,GBP,GBR,Burger & Lobster,,84.13,1fb2fb40-409b-415d-9ae5-2bf40f8c474b,0,5811,APPLE_PAY,Burger & Lobster,71614
a18e98eb-1912-4e28-9206-d97781a83e68,settled,2025-03-18 09:26:03,GBP,248d1247-2b5c-4dd4-b10e-6073adb23a53,online,London,restaurant,EC1A1BB,True,108.6,GBP,GBR,THE FRIVE,,108.6,ed6d8a85-0e1a-4be0-a1d4-3b6bc96ddef6,543,5811,,THE FRIVE,96584
c10cf25b-3321-4c45-8eaa-c328f60b5c73,settled,2025-02-16 13:34:58,GBP,864d8137-a115-4af0-a914-8eacfcaf6210,contactless,London,restaurant,EC1A1BB,False,46.9,GBP,GBR,Padella Borough,,46.9,ae45ec26-bb2e-4aa8-af19-033b46c09b04,234,5811,GOOGLE_PAY,Padella Borough,70707
15bf61fd-ce0c-4b6b-85a5-d6c7eeb384bb,settled,2025-06-05 21:11:46,GBP,5471a0c7-3403-4993-8f6f-0cf640aeedaa,chip_and_pin,London,restaurant,EC1A1BB,True,84.5,GBP,GBR,Pizza Pilgrims,,84.5,0ef72607-b006-4d79-a40c-04df2aded4d7,422,5811,GOOGLE_PAY,Pizza Pilgrims,90160
a157e46e-abbd-4f90-bb89-f69645473203,settled,2025-11-17 23:38:09,GBP,64e19a25-7f38-4d44-9a01-1f9c08b23eeb,chip_and_pin,London,restaurant,EC1A1BB,True,23.38,GBP,GBR,Gymkhana London,,23.38,1fb2fb40-409b-415d-9ae5-2bf40f8c474b,117,5811,,Gymkhana London,79020
6ec535c9-fd52-471d-bda3-c76971b4a2b6,settled,2025-10-19 01:48:40,GBP,edcb3d55-700a-463b-ac41-9d96754f60e9,chip_and_pin,London,restaurant,EC1A1BB,True,93.48,GBP,GBR,frive,,93.48,ae45ec26-bb2e-4aa8-af19-033b46c09b04,467,5811,GOOGLE_PAY,frive,86865
8759f63d-d97e-4e1e-97bd-2b460d2fcfcc,settled,2025-05-07 14:26:26,GBP,cb8747a7-e43e-4e9e-9f1f-558f8efba7b3,chip_and_pin,London,restaurant,EC1A1BB,False,78.43,GBP,GBR,Dishoom Shoreditch,,78.43,3eb68c07-b8d9-46ca-aa38-b6c630c44165,392,5811,,Dishoom Shoreditch,75752
4509ce9a-0834-4969-aaae-68863ece4853,settled,2025-02-20 18:48:06,GBP,871b84d8-1a1c-42e1-ae4e-c006a0d74a6a,contactless,London,restaurant,EC1A1BB,True,68.68,GBP,GBR,Honest Burgers,,68.68,2ffc62a1-1512-4569-a031-757068b99f4d,343,5811,APPLE_PAY,Honest Burgers,72061
f9f066b8-d2f0-4977-ad19-6b7b7981eba7,settled,2025-08-29 10:26:30,GBP,c8a3d61a-ca1c-42ae-823e-5725cc8c17a0,contactless,London,restaurant,EC1A1BB,False,36.37,GBP,GBR,Go Puff,,36.37,0ef72607-b006-4d79-a40c-04df2aded4d7,182,5411,APPLE_PAY,Go Puff,15531
4f4635bf-eb0f-4b7e-8025-b8760c2a5209,settled,2025-10-27 21:59:42,GBP,091bc018-0243-4279-aa17-848b08f093be,contactless,London,restaurant,EC1A1BB,False,44.36,GBP,GBR,Flat Iron Soho,,44.36,79b4e5a2-a0a3-4366-a683-a830c97e130b,222,5811,,Flat Iron Soho,69289
6341c2aa-82c7-4653-8802-0d731db6cc12,declined,2025-07-17 08:21:31,EUR,727b98a1-259f-4355-b43a-615932be2c52,online,London,restaurant,EC1A1BB,True,63.04,EUR,GBR,Padella Borough,1.16,63.04,2ffc62a1-1512-4569-a031-757068b99f4d,0,5811,APPLE_PAY,Padella Borough,64609
b4d27ada-198b-4195-9b76-38cc2e6754d7,settled,2025-02-17 05:35:55,GBP,bf3bdd16-9a23-4a0b-a6c2-b9cda7d905aa,contactless,London,restaurant,EC1A1BB,False,22.13,GBP,GBR,GOPUFF,,22.13,d889683c-0b36-4e3a-bad5-2c7da4cdf851,111,5411,APPLE_PAY,GOPUFF,28740
51fd1b7a-3d08-4330-95ab-a3b9dcad757b,settled,2025-04-09 07:08:09,GBP,e0c75437-d21d-4ce9-9e14-07051e546f81,contactless,London,restaurant,EC1A1BB,True,81.53,GBP,GBR,Burger & Lobster,,81.53,dc6fc45e-5eb0-413b-b418-aeef67c8e83f,408,5811,,Burger & Lobster,66560
1df98e87-0759-433a-8a4e-28ad496577f7,settled,2025-07-20 05:47:14,GBP,25291e34-b044-467f-8fdb-af8bdbdaf798,chip_and_pin,London,restaurant,EC1A1BB,False,48.88,GBP,GBR,frive,,48.88,d889683c-0b36-4e3a-bad5-2c7da4cdf851,244,5811,GOOGLE_PAY,frive,67731
6f68771a-a04a-48fa-bc09-2bd0f7d95fdf,settled,2025-10-01 01:50:45,GBP,9639e3f9-4665-403c-a789-7765d581a3e1,contactless,London,restaurant,EC1A1BB,True,74.27,GBP,GBR,THE FRIVE,,74.27,37e2cb0e-01f6-45db-914c-6d8863a92600,371,5811,APPLE_PAY,THE FRIVE,44808
7e6e0e36-64bf-4f07-8431-1abb99b7ef80,settled,2025-04-16 14:28:56,GBP,329cc3ab-03fa-452d-9156-afc773fbdafb,online,London,restaurant,EC1A1BB,True,37.79,GBP,GBR,GOPUFF,,37.79,e52c4efa-d593-46da-892e-3708e27a0de3,189,5411,GOOGLE_PAY,GOPUFF,80333
951cfb29-71b2-404a-b276-eb7580b1add3,settled,2025-12-23 23:17:57,GBP,bc38f123-ca31-421e-aa1c-c1d9145fe727,online,London,restaurant,EC1A1BB,True,32.37,GBP,GBR,Flat Iron Soho,,32.37,e588da33-cc15-4aaf-9a21-2a9b98afd8e7,162,5811,APPLE_PAY,Flat Iron Soho,93157
e1681280-5496-4f07-b281-76909bbc7b2e,declined,2025-02-04 09:29:39,GBP,d04a1c57-18a6-4f65-ab07-67ff40da0ee4,chip_and_pin,London,restaurant,EC1A1BB,False,16.86,GBP,GBR,Padella Borough,,16.86,7831baba-3a1e-43e5-8fe8-f6091ae067c8,0,5811,GOOGLE_PAY,Padella Borough,45108
6287744c-62fe-4890-9ee3-2f189814292d,declined,2025-08-30 10:41:46,GBP,37ab6293-985a-487b-b6f0-2301ab9c747a,contactless,London,restaurant,EC1A1BB,False,104.12,GBP,GBR,frive,,104.12,0c796ddd-8cd1-4192-a4ad-fd023d51f23c,0,5811,APPLE_PAY,frive,92401
352f44f9-8072-4ee1-a0c4-8aee0630a80f,settled,2025-04-29 10:51:22,GBP,cadbe430-10f5-404f-9813-4294c50d900c,contactless,London,restaurant,EC1A1BB,True,61.07,GBP,GBR,Franco Manca,,61.07,e588da33-cc15-4aaf-9a21-2a9b98afd8e7,305,5811,GOOGLE_PAY,Franco Manca,12416
063b4b7a-851a-474b-8222-8a8f5bdfe6f6,settled,2025-10-12 16:48:15,GBP,668cda78-60a2-4802-9aab-a8ed05a40574,online,London,restaurant,EC1A1BB,False,14.83,GBP,GBR,Go Puff,,14.83,e588da33-cc15-4aaf-9a21-2a9b98afd8e7,74,5411,,Go Puff,81553
dae9c172-bbf5-4ec4-bd3a-42b15e10890c,settled,2025-11-21 03:09:56,GBP,88a0efea-9e78-4291-9cb5-53963cf1c7f5,chip_and_pin,London,restaurant,EC1A1BB,True,27.71,GBP,GBR,Burger & Lobster,,27.71,dc6fc45e-5eb0-413b-b418-aeef67c8e83f,139,5811,,Burger & Lobster,63044
f0d61dce-a0b3-44c7-bc66-bb0ec0e89f6e,settled,2025-05-15 23:25:15,GBP,594d3489-b8d0-4cd4-b133-b914e06f26b2,chip_and_pin,London,restaurant,EC1A1BB,False,22.23,GBP,GBR,GOPUFF*DELIVERY,,22.23,e52c4efa-d593-46da-892e-3708e27a0de3,111,5411,GOOGLE_PAY,GOPUFF*DELIVERY,88483
d6b8f694-9526-4e40-9ae6-d8fc57f9a6c7,settled,2025-04-05 01:35:17,GBP,6c911b8b-36d3-40fc-885a-f768fde28521,chip_and_pin,London,restaurant,EC1A1BB,False,31.64,GBP,GBR,Pizza Pilgrims,,31.64,4c5d30c1-c7d7-4291-80af-82e80f68f70e,158,5811,GOOGLE_PAY,Pizza Pilgrims,42040
49f84aff-24cc-4f13-9537-bfb775e4230a,settled,2025-01-14 09:04:00,GBP,e5f2d9d0-71ed-425a-b6b0-68a8eab3fa05,chip_and_pin,London,restaurant,EC1A1BB,True,32.38,GBP,GBR,Frive,,32.38,dc6fc45e-5eb0-413b-b418-aeef67c8e83f,162,5811,GOOGLE_PAY,Frive,42529
368da767-6364-4128-b40b-a924b7f49aba,settled,2025-07-16 00:28:37,GBP,686b9d6f-3405-456c-af87-a7224271a95a,contactless,London,restaurant,EC1A1BB,False,92.62,GBP,GBR,Frive,,92.62,1c2f7862-ba10-4494-88cf-afd94f79b6f1,463,5811,GOOGLE_PAY,Frive,49877
f07a7e8a-e17c-43ab-825d-232226d9a020,settled,2025-09-02 12:56:55,GBP,3a1f0409-ed7e-49be-b690-d4d25077ed59,online,London,restaurant,EC1A1BB,False,96.06,GBP,GBR,THE FRIVE,,96.06,82819130-a6a0-4816-9f0d-8c5f37829f3d,480,5811,,THE FRIVE,74774
97200aaf-9f7a-43c2-9b27-a261833eccb9,settled,2025-02-28 01:05:51,GBP,08500039-18cd-464b-900b-031e7905683a,chip_and_pin,London,restaurant,EC1A1BB,True,72.21,GBP,GBR,Dishoom Shoreditch,,72.21,53389114-0b1a-4a9e-a9ef-fb2a0bc47df2,361,5811,GOOGLE_PAY,Dishoom Shoreditch,78649
3518f9f3-8f7c-491c-bdea-c47f96f1d99f,settled,2025-10-20 09:13:49,GBP,208f1de8-eca1-4703-9d9b-f26bd0cd9381,chip_and_pin,London,restaurant,EC1A1BB,True,72.33,GBP,GBR,Dishoom Shoreditch,,72.33,e588da33-cc15-4aaf-9a21-2a9b98afd8e7,362,5811,,Dishoom Shoreditch,21153
5c99c0e2-f628-4eeb-9384-faefd827aab2,settled,2025-01-13 02:26:13,GBP,becafb46-9cf3-4af4-96aa-7a1fda8f2fdc,chip_and_pin,London,restaurant,EC1A1BB,True,106.15,GBP,GBR,Frive,,106.15,e52c4efa-d593-46da-892e-3708e27a0de3,531,5811,APPLE_PAY,Frive,92080
e8429afb-6915-4f85-96d7-595da6657973,settled,2025-07-26 09:24:56,GBP,6e5db07c-dcff-4938-af75-45aa286f9971,chip_and_pin,London,restaurant,EC1A1BB,True,15.31,GBP,GBR,Frive,,15.31,f770b398-a7bc-41b1-b621-dd2e850205bb,77,5811,,Frive,96415
7f372d4f-8e22-44e2-ae51-a4ae3e4babf3,settled,2025-07-24 06:35:00,GBP,8db3314d-0588-4e94-9e61-4893b1c1ba9c,chip_and_pin,London,restaurant,EC1A1BB,False,73.77,GBP,GBR,Flat Iron Soho,,73.77,b7b9f418-63d5-4bc5-bee9-f925f8f2b803,369,5811,APPLE_PAY,Flat Iron Soho,74742
f081dd13-86ce-4bc9-8261-9f6f45ac490d,settled,2025-11-25 08:55:20,GBP,4a9def6f-a863-49e4-9152-6f498c8e55d3,chip_and_pin,London,restaurant,EC1A1BB,True,87.86,GBP,GBR,Frive,,87.86,d889683c-0b36-4e3a-bad5-2c7da4cdf851,439,5811,APPLE_PAY,Frive,53486
bb715881-8d39-4ad3-b615-0acaf55c1f85,settled,2025-04-09 14:53:41,GBP,2287fff0-4b8b-477b-8122-e5c8a0d965b6,contactless,London,restaurant,EC1A1BB,True,21.74,GBP,GBR,Hoppers Soho,,21.74,f26ae5e1-519b-45ca-93f9-11b50c50e21d,109,5811,,Hoppers Soho,98566
16fce78b-8650-4391-a363-2b114cee3243,settled,2025-07-10 03:32:10,GBP,8462dead-54b7-47f4-a9da-614ce1291bc8,online,London,restaurant,EC1A1BB,True,46.04,GBP,GBR,Honest Burgers,,46.04,53389114-0b1a-4a9e-a9ef-fb2a0bc47df2,230,5811,APPLE_PAY,Honest Burgers,71989
e7be9c64-b287-4c82-b0ea-75af9898010d,settled,2025-01-07 19:09:12,GBP,3b3caa16-f398-4fa7-86dd-9526bf3e9436,contactless,London,restaurant,EC1A1BB,True,106.97,GBP,GBR,THE FRIVE,,106.97,53389114-0b1a-4a9e-a9ef-fb2a0bc47df2,535,5811,APPLE_PAY,THE FRIVE,86214
f2fa9095-47bc-4566-a79b-ebb194cfd825,settled,2025-02-05 01:41:09,GBP,7dd33c64-f353-4396-8797-4dbbd0ed433c,chip_and_pin,London,restaurant,EC1A1BB,False,21.68,GBP,GBR,Gymkhana London,,21.68,0c796ddd-8cd1-4192-a4ad-fd023d51f23c,108,5811,APPLE_PAY,Gymkhana London,40327
11f89783-0ee7-4bdd-a4ea-6b80ed22c65a,settled,2025-07-13 08:39:07,GBP,fb3d6bf5-b7c6-4092-8a08-f6393ad3ed12,chip_and_pin,London,restaurant,EC1A1BB,True,12.26,GBP,GBR,Pizza Pilgrims,,12.26,dc6fc45e-5eb0-413b-b418-aeef67c8e83f,61,5811,GOOGLE_PAY,Pizza Pilgrims,64549
7fdbb876-61f7-4c2d-a469-aca5bc98e1d4,settled,2025-05-14 13:56:27,GBP,a84fc7e1-413b-4f1c-844d-c40a48babc29,contactless,London,restaurant,EC1A1BB,True,15.17,GBP,GBR,Frive,,15.17,d889683c-0b36-4e3a-bad5-2c7da4cdf851,76,5811,APPLE_PAY,Frive,47988
5990e38f-a1f4-4502-917e-0a7a99d2fc21,settled,2025-04-09 08:06:32,GBP,4a79c8ad-0627-4ea7-b74b-d33696bc978a,online,London,restaurant,EC1A1BB,True,109.89,GBP,GBR,FRIVE LTD,,109.89,9119c8ee-2828-4148-8dd2-e09eee42ee67,549,5811,GOOGLE_PAY,FRIVE LTD,46783
2f43c139-5aaf-45df-a80e-859742b60dd7,settled,2025-02-09 12:00:16,GBP,c817b7c4-fee5-45f9-9a41-76265432e90a,online,London,restaurant,EC1A1BB,False,30.2,GBP,GBR,Pizza Pilgrims,,30.2,e52c4efa-d593-46da-892e-3708e27a0de3,151,5811,APPLE_PAY,Pizza Pilgrims,13802
3e69dc5e-1ac1-4030-9c04-9c067159e324,settled,2025-11-12 08:02:12,GBP,dcc1de81-b4ae-4fd4-bc75-3acc68f60b15,online,London,restaurant,EC1A1BB,False,52.09,GBP,GBR,Franco Manca,,52.09,1c2f7862-ba10-4494-88cf-afd94f79b6f1,260,5811,,Franco Manca,90598
d4f09c92-ec29-4520-bebe-0fd21a66cca9,settled,2025-10-20 07:22:27,GBP,dbd50a28-70bb-4e4c-8c66-46390ba565fe,online,London,restaurant,EC1A1BB,False,78.57,GBP,GBR,Dishoom Shoreditch,,78.57,0c796ddd-8cd1-4192-a4ad-fd023d51f23c,393,5811,GOOGLE_PAY,Dishoom Shoreditch,49029
ec2bd948-49a4-4c62-9c67-43b8f3e0697f,settled,2025-04-10 07:41:43,GBP,ef0a2e13-ff78-4710-86ef-c0cb43b27c96,contactless,London,restaurant,EC1A1BB,True,59.89,GBP,GBR,The Breakfast Club,,59.89,0ef72607-b006-4d79-a40c-04df2aded4d7,299,5811,GOOGLE_PAY,The Breakfast Club,94306
df687eec-f456-47c0-8e1a-775699c152e0,settled,2025-03-04 18:45:07,GBP,afd79944-bfca-4955-9735-8d75204b42ef,online,London,restaurant,EC1A1BB,True,67.29,GBP,GBR,FRIVE LTD,,67.29,b7b9f418-63d5-4bc5-bee9-f925f8f2b803,336,5811,GOOGLE_PAY,FRIVE LTD,81799
28432d9c-b36a-485f-b393-32af2f18b67e,settled,2025-03-16 17:21:50,GBP,1a63f91a-9170-45ab-bdfc-c0c90f728d04,contactless,London,restaurant,EC1A1BB,True,67.81,GBP,GBR,Frive,,67.81,82819130-a6a0-4816-9f0d-8c5f37829f3d,339,5811,,Frive,64104
fbb8a263-cf6b-4c4c-978f-c50d61340a62,settled,2025-05-29 16:18:27,GBP,0fbc1efa-a018-42d2-ab0c-4c98842071b8,contactless,London,restaurant,EC1A1BB,True,18.53,GBP,GBR,GOPUFF*DELIVERY,,18.53,fb8a8020-15c9-4dd0-b850-d47e8367fdf8,93,5411,GOOGLE_PAY,GOPUFF*DELIVERY,22137
da09eea6-a160-4e2a-a9eb-5645561c19bb,settled,2025-04-16 06:05:51,GBP,467b365e-b4a9-40a9-bb44-b3bd0ca52e46,contactless,London,restaurant,EC1A1BB,True,43.52,GBP,GBR,Honest Burgers,,43.52,dc6fc45e-5eb0-413b-b418-aeef67c8e83f,218,5811,APPLE_PAY,Honest Burgers,65731
e7c49b04-b807-47be-8d40-5c487ea1bebb,settled,2025-10-03 13:07:44,EUR,7076c7b6-2727-407c-a58f-7e8b65ee3f27,contactless,London,restaurant,EC1A1BB,True,47.76,EUR,GBR,Hoppers Soho,1.19,47.76,1c2f7862-ba10-4494-88cf-afd94f79b6f1,239,5811,APPLE_PAY,Hoppers Soho,30234
d716f5bb-b1c2-4b1a-95a4-f13350c12e82,settled,2025-03-01 01:22:43,GBP,d9e9140c-3693-4357-b1ca-0cd9af1ed0b7,contactless,London,restaurant,EC1A1BB,True,8.4,GBP,GBR,Go Puff,,8.4,e588da33-cc15-4aaf-9a21-2a9b98afd8e7,42,5411,APPLE_PAY,Go Puff,94607
6ef1f96b-744a-4f37-a7dc-93851a016ffb,settled,2025-10-05 16:29:04,GBP,0bf6ed1a-a3aa-4367-b612-958e5fc3a9c0,online,London,restaurant,EC1A1BB,True,58.45,GBP,GBR,Franco Manca,,58.45,53389114-0b1a-4a9e-a9ef-fb2a0bc47df2,292,5811,APPLE_PAY,Franco Manca,60866
f3b57be5-0c3a-4797-8a70-27421ad10996,settled,2025-04-12 07:35:43,GBP,8f9c08a5-ab1e-4b07-a3e4-05e5c459da15,online,London,restaurant,EC1A1BB,True,44.85,GBP,GBR,GOPUFF*DELIVERY,,44.85,82819130-a6a0-4816-9f0d-8c5f37829f3d,224,5411,APPLE_PAY,GOPUFF*DELIVERY,81696
08704d1e-ca82-4c78-ad52-4930d8b3acfd,settled,2025-04-06 22:45:03,GBP,5ff0677a-068e-4e73-bd1e-f81a8e4e2e82,online,London,restaurant,EC1A1BB,True,16.04,GBP,GBR,Bao Soho,,16.04,37e2cb0e-01f6-45db-914c-6d8863a92600,80,5811,,Bao Soho,43719
9dac8ff1-ffb6-4fa0-bfeb-8f78f8e26b22,settled,2025-03-30 11:37:38,GBP,c7c6eb8f-7e0b-4cbb-b7e9-0db671caed1b,online,London,restaurant,EC1A1BB,False,36.54,GBP,GBR,Frive,,36.54,f770b398-a7bc-41b1-b621-dd2e850205bb,183,5811,GOOGLE_PAY,Frive,35962
678af966-c873-4867-a243-5e10c0d2e16b,settled,2025-01-03 14:56:48,GBP,0735731b-7042-46c6-bd11-5ea276c14f94,contactless,London,restaurant,EC1A1BB,False,21.41,GBP,GBR,THE FRIVE,,21.41,7831baba-3a1e-43e5-8fe8-f6091ae067c8,107,5811,APPLE_PAY,THE FRIVE,39024
2d2eab00-d41b-4c94-ae3e-dc5f0fb6f597,declined,2025-04-13 22:11:01,GBP,7a8b9ca1-e38f-41b6-b97b-bb09f6b157a9,contactless,London,restaurant,EC1A1BB,True,29.4,GBP,GBR,Go Puff,,29.4,1c2f7862-ba10-4494-88cf-afd94f79b6f1,0,5411,,Go Puff,61571
3cee03c2-028f-4559-99f0-7371a14b0675,settled,2025-01-22 02:39:24,GBP,c74598a1-d947-42b8-9431-7e937d5017ce,online,London,restaurant,EC1A1BB,False,28.48,GBP,GBR,THE FRIVE,,28.48,57f7500a-2b65-46ee-b0ae-bf00a8c9ef60,142,5811,GOOGLE_PAY,THE FRIVE,24838
7d56aab5-6a8b-45cc-b1a0-9623b7057798,declined,2025-01-31 19:41:59,GBP,09381f6c-bf71-4a04-8364-6ae872a3299c,online,London,restaurant,EC1A1BB,False,32.62,GBP,GBR,frive,,32.62,ae45ec26-bb2e-4aa8-af19-033b46c09b04,0,5811,APPLE_PAY,frive,59005
2c75a9f1-526d-412e-87e3-deae07917b7d,settled,2025-05-09 19:38:40,GBP,ed087b6b-60d2-40af-af04-f83a24014eb3,chip_and_pin,London,restaurant,EC1A1BB,True,22.43,GBP,GBR,FRIVE,,22.43,5d1937ae-6f42-45dd-a708-a3d8b2ef1089,112,5811,APPLE_PAY,FRIVE,59824
67b0a583-1b03-4354-9f8d-4585e2b591b1,settled,2025-05-19 12:01:30,GBP,b53be1b3-d920-4118-b4ff-53935692dbd1,online,London,restaurant,EC1A1BB,True,18.41,GBP,GBR,The Breakfast Club,,18.41,1c2f7862-ba10-4494-88cf-afd94f79b6f1,92,5811,,The Breakfast Club,52376
16f45da5-49fa-4487-b1e6-4e964c4ccc14,settled,2025-05-22 11:02:43,GBP,39e524e6-abdb-4d3f-9180-3212e31d8440,contactless,London,restaurant,EC1A1BB,False,14.92,GBP,GBR,Go Puff,,14.92,0ef72607-b006-4d79-a40c-04df2aded4d7,75,5411,GOOGLE_PAY,Go Puff,18202
bc14fa36-3ae6-4657-95f3-ba7628a8fea8,declined,2025-11-08 23:39:12,GBP,017b6876-7e1c-47ea-9842-9836a7ecea0a,online,London,restaurant,EC1A1BB,True,85.99,GBP,GBR,frive,,85.99,ae45ec26-bb2e-4aa8-af19-033b46c09b04,0,5811,GOOGLE_PAY,frive,44363
ef95f472-59ba-442a-9e7f-f540da38e860,settled,2025-10-17 21:18:19,USD,aa18364e-ec06-4196-8f9d-785a8eaf8737,contactless,London,restaurant,EC1A1BB,False,12.28,USD,GBR,Bao Soho,0.71,12.28,4c5d30c1-c7d7-4291-80af-82e80f68f70e,61,5811,APPLE_PAY,Bao Soho,71045
16fae32b-cd83-4c4a-83d9-808eae0004ca,settled,2025-10-29 12:10:07,GBP,2a0b2f23-67a0-4727-90a5-26540566e998,online,London,restaurant,EC1A1BB,True,21.69,GBP,GBR,Honest Burgers,,21.69,d889683c-0b36-4e3a-bad5-2c7da4cdf851,108,5811,,Honest Burgers,89594
ad40ddf3-29d0-4ffb-a2c6-f27f142d1066,settled,2025-04-02 17:00:27,GBP,33d2ecd9-1e00-477e-b2a1-aa62368783c6,online,London,restaurant,EC1A1BB,True,17.77,GBP,GBR,Hoppers Soho,,17.77,ed6d8a85-0e1a-4be0-a1d4-3b6bc96ddef6,89,5811,APPLE_PAY,Hoppers Soho,95137
66b8105d-08e4-4fe8-9004-8566f653002c,declined,2025-01-14 03:37:57,GBP,7ca07749-e989-4f24-b1ad-d9a14648524b,contactless,London,restaurant,EC1A1BB,True,76.49,GBP,GBR,The Breakfast Club,,76.49,0f243601-5521-45d7-b9cd-d26c266b6e3c,0,5811,APPLE_PAY,The Breakfast Club,65189
f7d3f068-d30f-418e-8275-df8fa47d83a2,settled,2025-07-13 14:07:34,GBP,978f3b5c-60d3-41b1-8227-0bd0c9590855,chip_and_pin,London,restaurant,EC1A1BB,True,21.67,GBP,GBR,GOPUFF,,21.67,4c5d30c1-c7d7-4291-80af-82e80f68f70e,108,5411,,GOPUFF,48525
53af60aa-7c8d-4fbe-b520-8887b5d2358f,settled,2025-04-25 02:14:53,GBP,9287e4a3-2a99-442f-b712-9b26b76397cf,contactless,London,restaurant,EC1A1BB,False,31.0,GBP,GBR,Burger & Lobster,,31.0,3eb68c07-b8d9-46ca-aa38-b6c630c44165,155,5811,APPLE_PAY,Burger & Lobster,85796
655633fc-3835-436f-a083-d291ffbf7053,settled,2025-03-15 02:37:06,GBP,18d19bf9-5eeb-4172-ba00-ae9353eecbb9,chip_and_pin,London,restaurant,EC1A1BB,False,109.28,GBP,GBR,Frive,,109.28,ed6d8a85-0e1a-4be0-a1d4-3b6bc96ddef6,546,5811,APPLE_PAY,Frive,14852
c1de5edc-63e5-4a25-8bc7-547f80771b86,settled,2025-02-09 17:48:26,GBP,c90d2343-1424-4b45-8397-92108b4cb01b,contactless,London,restaurant,EC1A1BB,True,78.75,GBP,GBR,Honest Burgers,,78.75,37e2cb0e-01f6-45db-914c-6d8863a92600,394,5811,APPLE_PAY,Honest Burgers,88707
9b82ce1a-62cf-4067-b4ca-d9f354bd79b4,settled,2025-11-18 12:49:14,GBP,b2c0ff3a-371e-4274-8a2e-91ac7cfca330,contactless,London,restaurant,EC1A1BB,False,22.96,GBP,GBR,GOPUFF,,22.96,4e655323-cf25-40ac-8fd5-fd40c57db97c,115,5411,APPLE_PAY,GOPUFF,38527
6867aaa0-b15a-43b2-a4f2-f60f8e73061c,settled,2025-01-15 13:06:04,GBP,03e2ad1c-122e-4fc5-b514-8e4ba9d750d8,contactless,London,restaurant,EC1A1BB,True,34.38,GBP,GBR,FRIVE,,34.38,9119c8ee-2828-4148-8dd2-e09eee42ee67,172,5811,,FRIVE,52893
3af0b29f-bf3f-440d-a214-f97fe4789196,settled,2025-06-08 20:06:31,GBP,5765f9b8-ff9b-4393-83e0-13818579e6a5,online,London,restaurant,EC1A1BB,True,26.85,GBP,GBR,Flat Iron Soho,,26.85,f770b398-a7bc-41b1-b621-dd2e850205bb,134,5811,APPLE_PAY,Flat Iron Soho,61812
341f75da-673b-49be-b2a6-8a400650728a,settled,2025-09-15 21:10:29,GBP,c0964c51-1978-4b68-b52d-982e5326dbe2,chip_and_pin,London,restaurant,EC1A1BB,False,23.95,GBP,GBR,Barrafina,,23.95,2ffc62a1-1512-4569-a031-757068b99f4d,120,5811,GOOGLE_PAY,Barrafina,64767
0c3bc667-0aa5-4233-b0dc-337300cd9b61,declined,2025-01-20 22:42:58,EUR,dc223d53-1e80-45d9-ae7e-a74177fa0a73,chip_and_pin,London,restaurant,EC1A1BB,False,42.4,EUR,GBR,The Breakfast Club,1.02,42.4,53389114-0b1a-4a9e-a9ef-fb2a0bc47df2,0,5811,GOOGLE_PAY,The Breakfast Club,36695
6885bf06-6c4f-4634-8de3-d0f21db51550,declined,2025-01-03 06:46:25,GBP,4488ae0b-9e39-422f-9a1f-79d44210bc14,contactless,London,restaurant,EC1A1BB,True,41.65,GBP,GBR,Flat Iron Soho,,41.65,fb8a8020-15c9-4dd0-b850-d47e8367fdf8,0,5811,APPLE_PAY,Flat Iron Soho,16775
7aeb0aea-9dd1-4a55-ba43-92a14032da7f,declined,2025-08-03 04:47:55,GBP,dabaae1b-396c-45c5-bae4-6f75e4b11431,contactless,London,restaurant,EC1A1BB,False,53.82,GBP,GBR,Flat Iron Soho,,53.82,0c796ddd-8cd1-4192-a4ad-fd023d51f23c,0,5811,APPLE_PAY,Flat Iron Soho,47132
2b13317c-c842-496f-90e0-fc7c7b109ea1,settled,2025-03-04 20:13:21,GBP,7fce2ed0-6ca4-42f0-b671-9f1707d73c8c,online,London,restaurant,EC1A1BB,True,25.34,GBP,GBR,FRIVE,,25.34,e588da33-cc15-4aaf-9a21-2a9b98afd8e7,127,5811,APPLE_PAY,FRIVE,15701
ed3f2b85-cfb7-44e1-a778-0a83766d8889,settled,2025-12-21 11:53:59,USD,ad832aa4-5b4c-4927-b708-db6489a290fc,chip_and_pin,London,restaurant,EC1A1BB,False,102.99,USD,GBR,THE FRIVE,1.02,102.99,0f243601-5521-45d7-b9cd-d26c266b6e3c,515,5811,APPLE_PAY,THE FRIVE,90573
507b8718-5d69-4a70-bd92-f1edfd689f0e,declined,2025-11-25 16:33:59,GBP,de19541a-5d2b-49b9-b148-5d40578d5138,contactless,London,restaurant,EC1A1BB,True,6.67,GBP,GBR,GOPUFF,,6.67,57f7500a-2b65-46ee-b0ae-bf00a8c9ef60,0,5411,GOOGLE_PAY,GOPUFF,42382
f9c593e4-72be-4e57-b84f-51763d0e5460,settled,2025-10-09 12:23:46,GBP,67f1c27f-0196-4815-bb3d-ceecee25f07e,chip_and_pin,London,restaurant,EC1A1BB,False,31.72,GBP,GBR,Gopuff,,31.72,33cc06a2-97db-4b07-abcf-190031db941b,159,5411,GOOGLE_PAY,Gopuff,95069
83a2e74b-fcf9-41e6-a24b-40962b0e9d11,settled,2025-06-13 03:21:12,GBP,b4bb2a46-681f-4db6-b77b-ebda7194ab8e,chip_and_pin,London,restaurant,EC1A1BB,False,38.82,GBP,GBR,Barrafina,,38.82,53389114-0b1a-4a9e-a9ef-fb2a0bc47df2,194,5811,APPLE_PAY,Barrafina,70984
e3c8eeb0-2fe5-48ee-895a-1d4858dbf2aa,settled,2025-04-02 08:41:51,GBP,bf2fd50c-226b-4dd7-8051-bac77e09f0bf,contactless,London,restaurant,EC1A1BB,False,73.07,GBP,GBR,Honest Burgers,,73.07,5d1937ae-6f42-45dd-a708-a3d8b2ef1089,365,5811,APPLE_PAY,Honest Burgers,66439
569ccd75-eaba-4330-ba5e-3d384e6b1963,settled,2025-05-22 21:08:38,GBP,3c9be313-b2df-4d76-89e3-98c4608aa544,online,London,restaurant,EC1A1BB,True,14.98,GBP,GBR,Barrafina,,14.98,b7b9f418-63d5-4bc5-bee9-f925f8f2b803,75,5811,,Barrafina,17112
21ab3dfd-df1a-44dc-803f-06aaec5b12f8,settled,2025-10-20 01:41:48,GBP,6ec42bc3-07f3-44f7-a4a7-6c6b296c3566,contactless,London,restaurant,EC1A1BB,True,13.89,GBP,GBR,Pizza Pilgrims,,13.89,e588da33-cc15-4aaf-9a21-2a9b98afd8e7,69,5811,,Pizza Pilgrims,27251
a670b2b2-3093-4409-a32c-3fca8bacd502,settled,2025-12-10 23:16:30,GBP,bb4c5cd1-18c3-4838-8fce-9435296fb6a2,chip_and_pin,London,restaurant,EC1A1BB,False,80.18,GBP,GBR,frive,,80.18,0f243601-5521-45d7-b9cd-d26c266b6e3c,401,5811,GOOGLE_PAY,frive,30809
9574d269-5cbd-4303-b3e3-c31fad045421,settled,2025-05-06 18:23:53,USD,0f31e154-b849-41f4-b9ad-2acb6a57f94b,chip_and_pin,London,restaurant,EC1A1BB,True,22.48,USD,GBR,Honest Burgers,1.0,22.48,dc6fc45e-5eb0-413b-b418-aeef67c8e83f,112,5811,,Honest Burgers,51822
5b424624-6f4b-4afa-ba11-963458ebeba3,declined,2025-05-25 13:46:46,GBP,7a769f8d-a070-4330-b018-4a6bdbac8a34,contactless,London,restaurant,EC1A1BB,False,30.32,GBP,GBR,FRIVE LTD,,30.32,e52c4efa-d593-46da-892e-3708e27a0de3,0,5811,GOOGLE_PAY,FRIVE LTD,25083
6ca6461c-8e3f-483b-beac-7479430a3b4c,settled,2025-10-26 08:45:20,GBP,96996db4-27db-4914-a0a8-8b8cafefcf49,contactless,London,restaurant,EC1A1BB,False,106.78,GBP,GBR,Frive,,106.78,e588da33-cc15-4aaf-9a21-2a9b98afd8e7,534,5811,,Frive,80215
a0f6fa3c-804d-4da4-9913-309b69c9c5a4,settled,2025-09-02 13:56:23,GBP,5aadc430-3fd8-4736-9fc4-1a0beb0d4106,contactless,London,restaurant,EC1A1BB,False,39.43,GBP,GBR,Bao Soho,,39.43,ba4ea1a4-1566-49f4-a5ea-5b3bafe4c133,197,5811,GOOGLE_PAY,Bao Soho,40152
d9627803-9971-4612-bf43-687fafd61068,declined,2025-03-10 15:29:09,GBP,dd201d22-46bb-4bcf-bfd1-223f2658ba4e,online,London,restaurant,EC1A1BB,True,17.4,GBP,GBR,GOPUFF*DELIVERY,,17.4,1fb2fb40-409b-415d-9ae5-2bf40f8c474b,0,5411,,GOPUFF*DELIVERY,14429
7dcd5fd9-39ba-41ac-9175-928b0de8dcdb,settled,2025-03-28 01:48:40,GBP,4407c4b1-2a14-422a-82f6-abbf3f3b0894,contactless,London,restaurant,EC1A1BB,True,54.68,GBP,GBR,FRIVE LTD,,54.68,0c796ddd-8cd1-4192-a4ad-fd023d51f23c,273,5811,GOOGLE_PAY,FRIVE LTD,12921
5308139b-8369-49e3-95dd-5877dd63fe3b,settled,2025-01-22 02:58:47,GBP,98cd0d72-d373-4564-a12a-4a740438aad5,contactless,London,restaurant,EC1A1BB,True,38.07,GBP,GBR,Franco Manca,,38.07,37e2cb0e-01f6-45db-914c-6d8863a92600,190,5811,,Franco Manca,58003
e6137c3b-6b6d-4750-827d-ce4fb1751c5f,settled,2025-08-31 07:26:41,GBP,ba18930d-9970-486c-8935-fc4fb4e17e47,chip_and_pin,London,restaurant,EC1A1BB,False,33.3,GBP,GBR,GOPUFF,,33.3,33cc06a2-97db-4b07-abcf-190031db941b,166,5411,APPLE_PAY,GOPUFF,62684
b07940fd-eec9-4675-a957-1a9c70758a5d,settled,2025-11-12 04:23:08,GBP,53d99eea-ad8e-4f69-934a-bdd40f9e711f,chip_and_pin,London,restaurant,EC1A1BB,False,28.79,GBP,GBR,GOPUFF*DELIVERY,,28.79,3eb68c07-b8d9-46ca-aa38-b6c630c44165,144,5411,,GOPUFF*DELIVERY,42571
ae4d8145-88ed-40ac-aea1-cd68e573e16a,settled,2025-03-06 02:50:08,GBP,9494d03f-9131-42e8-9ca6-b3a112c0c20a,contactless,London,restaurant,EC1A1BB,True,65.5,GBP,GBR,FRIVE,,65.5,dc6fc45e-5eb0-413b-b418-aeef67c8e83f,328,5811,APPLE_PAY,FRIVE,90299
9bb59b21-c9e7-420c-93a3-4bdbf73da9ed,settled,2025-08-02 22:58:26,GBP,856fead2-94e3-4c82-9740-4aaebca9f5cf,chip_and_pin,London,restaurant,EC1A1BB,True,25.73,GBP,GBR,GOPUFF,,25.73,f770b398-a7bc-41b1-b621-dd2e850205bb,129,5411,GOOGLE_PAY,GOPUFF,76660
74b4b5e9-9561-41b7-a3cc-9b61584c81e7,settled,2025-05-01 03:39:13,GBP,c56ec986-a67b-4cc3-9d14-fab212c14aa6,contactless,London,restaurant,EC1A1BB,False,109.44,GBP,GBR,FRIVE,,109.44,b7b9f418-63d5-4bc5-bee9-f925f8f2b803,547,5811,,FRIVE,67232
db7035bb-4c77-4eac-bef4-38e827e02fe1,declined,2025-10-17 09:39:01,GBP,e45af556-37b1-43d5-b089-a9c892d7bf95,contactless,London,restaurant,EC1A1BB,True,31.66,GBP,GBR,FRIVE LTD,,31.66,ae45ec26-bb2e-4aa8-af19-033b46c09b04,0,5811,,FRIVE LTD,53976
a4a0465a-7ca9-4811-8631-bf2cd4cb941c,settled,2025-12-13 03:16:30,GBP,6b3f9c33-dfd3-4f2c-b64d-bc623cc35140,chip_and_pin,London,restaurant,EC1A1BB,False,63.95,GBP,GBR,Bao Soho,,63.95,0ef72607-b006-4d79-a40c-04df2aded4d7,320,5811,GOOGLE_PAY,Bao Soho,48747
4bbe65f2-febb-453f-833a-9ffa0118a4a9,declined,2025-09-07 07:54:12,GBP,b487b72d-13be-4a6f-8aba-81e4c51a8e43,contactless,London,restaurant,EC1A1BB,False,11.79,GBP,GBR,Gopuff,,11.79,ae45ec26-bb2e-4aa8-af19-033b46c09b04,0,5411,APPLE_PAY,Gopuff,35157
3d476a36-6fc8-4c32-b45a-552612b5620b,declined,2025-12-08 19:43:49,EUR,292b3c6d-5e87-4dcc-8627-fc2fc177e7f6,chip_and_pin,London,restaurant,EC1A1BB,True,51.05,EUR,GBR,frive,0.94,51.05,d889683c-0b36-4e3a-bad5-2c7da4cdf851,0,5811,,frive,13475
93f6246a-1560-432b-b731-50571359f76e,settled,2025-06-19 19:07:47,GBP,fa5a8405-e920-4061-9529-89ad87dca6d0,contactless,London,restaurant,EC1A1BB,True,40.58,GBP,GBR,Padella Borough,,40.58,0ef72607-b006-4d79-a40c-04df2aded4d7,203,5811,APPLE_PAY,Padella Borough,13526
d58679f4-11fd-46c2-a2a7-afc9d48b5f16,settled,2025-02-13 10:55:07,GBP,555a29c3-e82c-426e-b29d-aa7228d5b015,chip_and_pin,London,restaurant,EC1A1BB,True,33.03,GBP,GBR,GOPUFF,,33.03,79b4e5a2-a0a3-4366-a683-a830c97e130b,165,5411,,GOPUFF,18890
b0e651fd-1229-474f-abf4-79c5751282f9,settled,2025-10-14 03:20:11,USD,79a0cef1-ab6e-4f58-81cc-3a6fcc093c6f,online,London,restaurant,EC1A1BB,True,87.37,USD,GBR,THE FRIVE,1.14,87.37,e52c4efa-d593-46da-892e-3708e27a0de3,437,5811,,THE FRIVE,42319
6e08649b-78ca-485b-a5e4-55975706934d,declined,2025-03-21 21:28:52,GBP,634688f6-8ae8-47a0-bfa8-cdc4eb56eceb,chip_and_pin,London,restaurant,EC1A1BB,False,105.18,GBP,GBR,FRIVE,,105.18,57f7500a-2b65-46ee-b0ae-bf00a8c9ef60,0,5811,APPLE_PAY,FRIVE,72536
55889e35-2194-4e21-b878-19e7e8caac60,settled,2025-02-08 18:55:19,GBP,9f19dda7-1b46-4b2d-a0ad-11c7b6bfe960,online,London,restaurant,EC1A1BB,False,42.97,GBP,GBR,frive,,42.97,0c796ddd-8cd1-4192-a4ad-fd023d51f23c,215,5811,GOOGLE_PAY,frive,16344
0fef5ac6-b615-42ae-8a94-7c37372da592,settled,2025-10-05 23:23:13,GBP,a6f993ea-f7c7-44b6-bba0-da4fb2a14a5d,chip_and_pin,London,restaurant,EC1A1BB,True,88.08,GBP,GBR,Frive,,88.08,1c2f7862-ba10-4494-88cf-afd94f79b6f1,440,5811,GOOGLE_PAY,Frive,64122
554c1953-3900-4324-b6a9-54c46197085f,settled,2025-01-13 03:15:19,GBP,785f78b5-495a-4919-9962-ba3e894bf791,chip_and_pin,London,restaurant,EC1A1BB,False,33.19,GBP,GBR,Go Puff,,33.19,fb8a8020-15c9-4dd0-b850-d47e8367fdf8,166,5411,APPLE_PAY,Go Puff,32330
b5d4c4cc-7d79-4b19-9044-415f440b772d,settled,2025-06-19 08:21:01,GBP,22b4f584-12e6-4a79-88b5-fe15f19e5a76,online,London,restaurant,EC1A1BB,False,12.32,GBP,GBR,Dishoom Shoreditch,,12.32,37e2cb0e-01f6-45db-914c-6d8863a92600,62,5811,APPLE_PAY,Dishoom Shoreditch,77520
1feda729-5f09-4073-b99f-40f47ea83922,settled,2025-04-12 04:44:08,GBP,ed7673fb-488c-465d-b646-f00949e28336,contactless,London,restaurant,EC1A1BB,False,80.5,GBP,GBR,Padella Borough,,80.5,4e655323-cf25-40ac-8fd5-fd40c57db97c,402,5811,,Padella Borough,83564
88c6fb3d-77d8-4a97-9166-62c9955d4dde,declined,2025-11-02 14:44:54,GBP,e5c52152-2c4b-46ad-bd85-d86aa4fae9b2,chip_and_pin,London,restaurant,EC1A1BB,True,79.78,GBP,GBR,The Breakfast Club,,79.78,79b4e5a2-a0a3-4366-a683-a830c97e130b,0,5811,GOOGLE_PAY,The Breakfast Club,58752
a2a6bead-4eeb-4036-9b71-4663386ef159,settled,2025-03-22 01:08:51,GBP,1b353ca7-123b-4d20-b5cf-7005f0abb08f,online,London,restaurant,EC1A1BB,True,62.61,GBP,GBR,THE FRIVE,,62.61,53389114-0b1a-4a9e-a9ef-fb2a0bc47df2,313,5811,APPLE_PAY,THE FRIVE,79670
db924d1f-0940-473e-9b06-9d080fc98e17,settled,2025-08-19 17:18:16,GBP,9190c20c-4566-4109-ba60-ad117366f6fe,chip_and_pin,London,restaurant,EC1A1BB,False,37.44,GBP,GBR,Dishoom Shoreditch,,37.44,1c2f7862-ba10-4494-88cf-afd94f79b6f1,187,5811,GOOGLE_PAY,Dishoom Shoreditch,32223
61949898-9678-4594-9bcc-32d85ceab657,settled,2025-06-29 20:56:14,GBP,3bbc64d8-a708-43b4-b5f4-dc858edcfd98,chip_and_pin,London,restaurant,EC1A1BB,True,21.2,GBP,GBR,Padella Borough,,21.2,5d1937ae-6f42-45dd-a708-a3d8b2ef1089,106,5811,APPLE_PAY,Padella Borough,45059
5d21b20b-58f9-415f-9c4a-f2c202db3919,declined,2025-04-28 02:15:19,GBP,5af4b1f3-e5e4-4b39-a655-0ca1604c5bb9,chip_and_pin,London,restaurant,EC1A1BB,False,64.8,GBP,GBR,Pizza Pilgrims,,64.8,1c2f7862-ba10-4494-88cf-afd94f79b6f1,0,5811,,Pizza Pilgrims,31092
f53c0544-ac2f-474c-9c18-015cd647eae3,settled,2025-04-02 17:39:54,GBP,305724a9-6c03-4217-926e-5cb0e00ed376,online,London,restaurant,EC1A1BB,True,84.63,GBP,GBR,Burger & Lobster,,84.63,ed6d8a85-0e1a-4be0-a1d4-3b6bc96ddef6,423,5811,APPLE_PAY,Burger & Lobster,29440
6db22675-035e-4ac5-a590-ba4cd99bf2bd,declined,2025-11-05 16:53:28,GBP,232e296f-3f6b-41e6-9b4a-ad62aae67abe,online,London,restaurant,EC1A1BB,True,19.98,GBP,GBR,Padella Borough,,19.98,53389114-0b1a-4a9e-a9ef-fb2a0bc47df2,0,5811,GOOGLE_PAY,Padella Borough,11653
e93bcfed-680d-40f8-a47b-0779148b1c97,settled,2025-06-04 23:08:47,GBP,c87a35d8-e129-49f8-8066-e90c4e9aa037,chip_and_pin,London,restaurant,EC1A1BB,False,83.6,GBP,GBR,Franco Manca,,83.6,ba4ea1a4-1566-49f4-a5ea-5b3bafe4c133,418,5811,GOOGLE_PAY,Franco Manca,10723
3ff88070-2c6f-4dc5-a999-5444b83d9cf7,settled,2025-10-15 18:06:55,GBP,63f37e61-f6f6-4d4e-b279-00cd873c4dd1,chip_and_pin,London,restaurant,EC1A1BB,True,54.88,GBP,GBR,Hoppers Soho,,54.88,82819130-a6a0-4816-9f0d-8c5f37829f3d,274,5811,,Hoppers Soho,99076
f81c7caf-b56f-4e5d-9886-211736b49e23,settled,2025-03-12 11:44:55,GBP,25084245-eb4c-4f1f-ac26-05758787d937,contactless,London,restaurant,EC1A1BB,False,44.74,GBP,GBR,FRIVE LTD,,44.74,f26ae5e1-519b-45ca-93f9-11b50c50e21d,224,5811,GOOGLE_PAY,FRIVE LTD,92524
027071f2-f61d-45a6-b992-3baa30501eec,settled,2025-03-02 18:17:52,GBP,08d2a9cd-74a3-437f-a254-c41f36da7d19,chip_and_pin,London,restaurant,EC1A1BB,False,57.37,GBP,GBR,Dishoom Shoreditch,,57.37,3eb68c07-b8d9-46ca-aa38-b6c630c44165,287,5811,APPLE_PAY,Dishoom Shoreditch,11393
e488533a-18d5-4716-b747-c41680d90b77,settled,2025-05-31 23:01:30,GBP,abf39d5d-2869-44a0-a1b0-04d37c692490,chip_and_pin,London,restaurant,EC1A1BB,False,18.62,GBP,GBR,FRIVE,,18.62,33cc06a2-97db-4b07-abcf-190031db941b,93,5811,APPLE_PAY,FRIVE,23249
ea2eb3f0-1e2f-4a32-81fc-64da1695efe2,settled,2025-11-26 00:05:55,GBP,7cc1eae9-79da-4151-98c5-6b34eae63e1a,online,London,restaurant,EC1A1BB,False,25.49,GBP,GBR,Go Puff,,25.49,4e655323-cf25-40ac-8fd5-fd40c57db97c,127,5411,,Go Puff,69888
eee26043-ada3-4e79-8395-5fac617fdee8,settled,2025-03-23 14:10:30,EUR,ed77bfd9-9aad-408c-a7b7-0625a32902c0,online,London,restaurant,EC1A1BB,False,87.46,EUR,GBR,THE FRIVE,1.02,87.46,f770b398-a7bc-41b1-b621-dd2e850205bb,437,5811,GOOGLE_PAY,THE FRIVE,62387
05b58590-260f-4b21-baf9-23365197b13e,settled,2025-01-24 21:15:26,GBP,f7310c25-4517-427b-838b-6a2fe92afc40,contactless,London,restaurant,EC1A1BB,False,74.71,GBP,GBR,FRIVE LTD,,74.71,37e2cb0e-01f6-45db-914c-6d8863a92600,374,5811,APPLE_PAY,FRIVE LTD,62491
4f52a9bb-a960-45c1-b4e8-d59be65d3e5a,settled,2025-07-24 16:42:30,GBP,9c78ff63-2887-4cd8-8fcd-71f76b0877cd,contactless,London,restaurant,EC1A1BB,False,27.48,GBP,GBR,Honest Burgers,,27.48,82819130-a6a0-4816-9f0d-8c5f37829f3d,137,5811,,Honest Burgers,94174
4932df1b-1cb8-4cdb-a843-340cd5c69a54,settled,2025-08-07 06:43:19,GBP,8d9c4e94-6184-42f5-8406-607f3d72f4e8,online,London,restaurant,EC1A1BB,False,60.62,GBP,GBR,Gymkhana London,,60.62,0ef72607-b006-4d79-a40c-04df2aded4d7,303,5811,GOOGLE_PAY,Gymkhana London,81862
f418dc3a-e0c9-4b0e-8235-b2f6d4572361,settled,2025-09-10 06:46:51,GBP,4ea959b4-e5d9-499c-8a26-ed353b4fce86,chip_and_pin,London,restaurant,EC1A1BB,True,31.52,GBP,GBR,Padella Borough,,31.52,0c796ddd-8cd1-4192-a4ad-fd023d51f23c,158,5811,GOOGLE_PAY,Padella Borough,73120
a6450fd5-3eed-402c-b835-62186ea1e0f9,settled,2025-01-02 01:07:10,GBP,93c60237-c380-4afc-ac83-fecd2b0d3d33,chip_and_pin,London,restaurant,EC1A1BB,True,59.77,GBP,GBR,Padella Borough,,59.77,7831baba-3a1e-43e5-8fe8-f6091ae067c8,299,5811,,Padella Borough,96411
7813e404-5bab-4580-bcbb-f821dcea0ae3,settled,2025-12-15 08:46:21,GBP,d87efdc6-4aa5-4738-95b6-db2ee7eadace,contactless,London,restaurant,EC1A1BB,False,96.17,GBP,GBR,Frive,,96.17,9119c8ee-2828-4148-8dd2-e09eee42ee67,481,5811,GOOGLE_PAY,Frive,92989
1a20bed7-5cbf-4fd5-8d0c-57f61eb8b65c,settled,2025-08-15 04:52:38,GBP,1410e6e3-ceb0-4d65-a8dc-bec2d5161914,contactless,London,restaurant,EC1A1BB,True,31.24,GBP,GBR,Gopuff,,31.24,37e2cb0e-01f6-45db-914c-6d8863a92600,156,5411,APPLE_PAY,Gopuff,69239
f577fd02-400e-4985-b087-b3c70d6d4e20,settled,2025-05-15 13:05:34,GBP,04d7bd9e-2d39-4770-88bd-5d96ea471b6b,contactless,London,restaurant,EC1A1BB,False,90.21,GBP,GBR,FRIVE LTD,,90.21,7831baba-3a1e-43e5-8fe8-f6091ae067c8,451,5811,,FRIVE LTD,35869
dd571d63-539e-4cfa-a93f-5e41c01f071a,settled,2025-07-12 00:42:57,GBP,5379fe24-1031-479c-91d8-7c09aa5b8b74,contactless,London,restaurant,EC1A1BB,False,85.48,GBP,GBR,FRIVE,,85.48,4c5d30c1-c7d7-4291-80af-82e80f68f70e,427,5811,,FRIVE,64924
5228e48a-a74e-4d73-90c9-c2385d13f605,declined,2025-04-01 22:40:34,GBP,51e94d23-fb7d-4080-92d7-eec1db0caf1e,online,London,restaurant,EC1A1BB,True,47.36,GBP,GBR,Dishoom Shoreditch,,47.36,33cc06a2-97db-4b07-abcf-190031db941b,0,5811,APPLE_PAY,Dishoom Shoreditch,80718
7a4d2037-04c0-411e-9a5b-97a64c84f9e9,settled,2025-08-21 20:41:31,GBP,e87ed317-5af7-4a94-ac98-1b18648513e4,online,London,restaurant,EC1A1BB,False,23.72,GBP,GBR,GOPUFF*DELIVERY,,23.72,ba4ea1a4-1566-49f4-a5ea-5b3bafe4c133,119,5411,GOOGLE_PAY,GOPUFF*DELIVERY,64895
f0034996-9de5-4c87-a520-f050cf1fa7e6,settled,2025-09-20 12:16:39,GBP,5997f415-e3b1-43a2-b983-ebeba37ecc42,contactless,London,restaurant,EC1A1BB,False,14.08,GBP,GBR,Barrafina,,14.08,b7b9f418-63d5-4bc5-bee9-f925f8f2b803,70,5811,GOOGLE_PAY,Barrafina,73527
cc521815-d950-4280-9c62-39b4af18e2ae,settled,2025-10-22 01:21:08,GBP,9dfe9e60-b1e3-4aea-bed3-41eaad6919cd,online,London,restaurant,EC1A1BB,False,83.23,GBP,GBR,frive,,83.23,dc6fc45e-5eb0-413b-b418-aeef67c8e83f,416,5811,,frive,72198
47db6b51-d8c5-487b-ac60-1ef5db28b121,settled,2025-10-30 08:22:10,GBP,18b890bd-c278-4b20-8154-379f955299a0,online,London,restaurant,EC1A1BB,False,43.77,GBP,GBR,Bao Soho,,43.77,e588da33-cc15-4aaf-9a21-2a9b98afd8e7,219,5811,GOOGLE_PAY,Bao Soho,74714
4b50365b-a949-42e0-8cb8-d0e1ea6eea13,settled,2025-06-06 19:02:00,GBP,9b8fb07b-c9c2-44a1-bca2-198ca8fce9fa,online,London,restaurant,EC1A1BB,True,37.17,GBP,GBR,Franco Manca,,37.17,ed6d8a85-0e1a-4be0-a1d4-3b6bc96ddef6,186,5811,APPLE_PAY,Franco Manca,51562
6e47c12e-8c5d-42c3-9e5a-c612cc80c843,settled,2025-10-04 23:19:43,GBP,64721d37-cf52-4d13-a472-4648322ba2c3,chip_and_pin,London,restaurant,EC1A1BB,True,89.5,GBP,GBR,FRIVE,,89.5,53389114-0b1a-4a9e-a9ef-fb2a0bc47df2,448,5811,GOOGLE_PAY,FRIVE,62229
f37843f6-dbd5-4ff2-b8a7-28bbdb498d1b,settled,2025-04-27 15:59:26,GBP,63fe812b-1d1b-49fd-baf7-ad5b8b36b152,chip_and_pin,London,restaurant,EC1A1BB,False,93.09,GBP,GBR,frive,,93.09,79b4e5a2-a0a3-4366-a683-a830c97e130b,465,5811,APPLE_PAY,frive,90831
341f94d2-1271-45d6-b1bb-f7a252c10797,settled,2025-02-27 02:37:14,GBP,4bb23760-ac11-4557-9a22-df2cdac94620,contactless,London,restaurant,EC1A1BB,True,18.06,GBP,GBR,Barrafina,,18.06,f26ae5e1-519b-45ca-93f9-11b50c50e21d,90,5811,,Barrafina,96981
390478a5-ff27-4750-becb-b4009c90f4fa,settled,2025-03-12 09:49:16,GBP,65c19c86-67bd-4455-b6b3-aa54b26cc111,online,London,restaurant,EC1A1BB,False,101.84,GBP,GBR,FRIVE,,101.84,ba4ea1a4-1566-49f4-a5ea-5b3bafe4c133,509,5811,APPLE_PAY,FRIVE,49589
4873729b-b061-4a54-97cd-50a66bccbd47,settled,2025-03-13 18:14:24,USD,d1e45a90-c094-41f7-832c-f4f6528d66a9,contactless,London,restaurant,EC1A1BB,True,55.91,USD,GBR,FRIVE,0.95,55.91,fb8a8020-15c9-4dd0-b850-d47e8367fdf8,280,5811,,FRIVE,65190
12dc4eae-f7fe-4076-85ca-50705bdcc7c1,settled,2025-08-12 10:23:00,USD,55fd18a9-c782-4c06-80e4-40067b5daaf4,chip_and_pin,London,restaurant,EC1A1BB,True,61.64,USD,GBR,Dishoom Shoreditch,0.94,61.64,4c5d30c1-c7d7-4291-80af-82e80f68f70e,308,5811,GOOGLE_PAY,Dishoom Shoreditch,20869
608a4dc4-55e9-419c-b89c-3f9617d9524d,settled,2025-09-08 07:13:46,GBP,a1124d4c-0c96-4192-9c9f-0151f5bd82f6,contactless,London,restaurant,EC1A1BB,True,22.08,GBP,GBR,Gopuff,,22.08,0f243601-5521-45d7-b9cd-d26c266b6e3c,110,5411,APPLE_PAY,Gopuff,26904
a503e4e6-d65e-4bf7-bfc2-bb93b86e6803,settled,2025-07-03 10:27:04,GBP,d0aead3c-aa67-4252-b0a6-dd900a406b09,online,London,restaurant,EC1A1BB,True,38.02,GBP,GBR,THE FRIVE,,38.02,37e2cb0e-01f6-45db-914c-6d8863a92600,190,5811,APPLE_PAY,THE FRIVE,21048
e453f99a-a727-460c-9ca9-7e25cbc5566f,settled,2025-04-24 20:17:37,USD,98a5afac-0614-4027-8587-cfb64319f0a1,chip_and_pin,London,restaurant,EC1A1BB,True,80.06,USD,GBR,Barrafina,0.71,80.06,f26ae5e1-519b-45ca-93f9-11b50c50e21d,400,5811,APPLE_PAY,Barrafina,60980
1b520ef8-7aef-4c45-8336-0039cd417509,settled,2025-05-01 19:18:48,EUR,74e6c2a0-6310-458c-962f-75110c3c026f,contactless,London,restaurant,EC1A1BB,True,29.36,EUR,GBR,Go Puff,0.93,29.36,53389114-0b1a-4a9e-a9ef-fb2a0bc47df2,147,5411,APPLE_PAY,Go Puff,57613
85710f96-873b-4745-a64d-865df6deecdd,settled,2025-09-08 10:47:55,GBP,98e073c7-ab06-45af-9071-c08148791e28,online,London,restaurant,EC1A1BB,False,68.8,GBP,GBR,The Breakfast Club,,68.8,c251d7c3-4e08-4493-b514-38640022f239,344,5811,,The Breakfast Club,46687
97444d8d-6f28-4500-8b9d-3a01959e2b85,settled,2025-01-24 13:11:07,USD,911f45b1-ca9c-4b38-89ba-6f37850d24cc,chip_and_pin,London,restaurant,EC1A1BB,False,36.24,USD,GBR,Hoppers Soho,1.0,36.24,1fb2fb40-409b-415d-9ae5-2bf40f8c474b,181,5811,GOOGLE_PAY,Hoppers Soho,42258
bbfba3bf-5510-4fd7-8eb6-9f6a4d30e64a,settled,2025-05-27 06:52:57,GBP,807f08d6-2761-4cd1-8e89-dd1c332b9571,online,London,restaurant,EC1A1BB,False,70.95,GBP,GBR,Padella Borough,,70.95,d889683c-0b36-4e3a-bad5-2c7da4cdf851,355,5811,GOOGLE_PAY,Padella Borough,30615
e0a23fe7-f064-4a9d-a485-b291f88e9622,settled,2025-08-16 19:54:33,GBP,5850fc0d-801b-4ba3-abd6-0fca1f9a290f,contactless,London,restaurant,EC1A1BB,False,33.06,GBP,GBR,Dishoom Shoreditch,,33.06,ae45ec26-bb2e-4aa8-af19-033b46c09b04,165,5811,,Dishoom Shoreditch,81807
18fe7e96-cd4e-4c10-9d7f-18782663950e,settled,2025-09-23 21:17:45,GBP,eb917563-d860-47a0-9548-765f78ec84f6,contactless,London,restaurant,EC1A1BB,False,51.42,GBP,GBR,Flat Iron Soho,,51.42,1c2f7862-ba10-4494-88cf-afd94f79b6f1,257,5811,,Flat Iron Soho,89547
552fe1f1-5297-4f86-96da-17539b868a72,settled,2025-01-23 08:30:15,GBP,99e3aa22-ffce-4379-878b-1ba140932248,online,London,restaurant,EC1A1BB,True,102.97,GBP,GBR,frive,,102.97,f770b398-a7bc-41b1-b621-dd2e850205bb,515,5811,GOOGLE_PAY,frive,80274
0e2868c1-e2fe-4e72-802b-2ce155ec49c0,settled,2025-11-10 05:49:24,GBP,28ebdbc1-bece-4341-9caa-0e740bb38d89,contactless,London,restaurant,EC1A1BB,True,40.4,GBP,GBR,GOPUFF*DELIVERY,,40.4,9119c8ee-2828-4148-8dd2-e09eee42ee67,202,5411,,GOPUFF*DELIVERY,37878
76141a7f-99f0-4864-9c20-16256958f890,settled,2025-03-16 16:29:48,GBP,51e0dd03-e2ac-43a6-97a8-fd72b4e19530,contactless,London,restaurant,EC1A1BB,True,49.47,GBP,GBR,Frive,,49.47,b7b9f418-63d5-4bc5-bee9-f925f8f2b803,247,5811,,Frive,15845
354ecfcb-7e3f-49ad-97aa-bee25d850339,settled,2025-12-25 07:25:27,GBP,9401127b-c6ad-4c9c-b1c6-0765a62a8126,chip_and_pin,London,restaurant,EC1A1BB,True,50.31,GBP,GBR,FRIVE,,50.31,0f243601-5521-45d7-b9cd-d26c266b6e3c,252,5811,GOOGLE_PAY,FRIVE,55209
c30038ac-9253-46dc-8d71-ff67b7127cee,declined,2025-04-19 22:53:51,GBP,1fc396f5-d643-4382-9377-a51af19bb16f,contactless,London,restaurant,EC1A1BB,False,44.62,GBP,GBR,GOPUFF,,44.62,e588da33-cc15-4aaf-9a21-2a9b98afd8e7,0,5411,,GOPUFF,46677
df4ca81c-c3ac-4e2c-9717-6a9c63f28a7e,settled,2025-06-15 10:08:29,GBP,daae4a2c-19cd-4d7f-bc80-98cfb1892d9a,contactless,London,restaurant,EC1A1BB,False,82.33,GBP,GBR,Hoppers Soho,,82.33,79b4e5a2-a0a3-4366-a683-a830c97e130b,412,5811,APPLE_PAY,Hoppers Soho,20965
e20ffd67-cbc4-4847-bbc0-8e830ea403f9,settled,2025-01-11 16:29:53,USD,162f7ff6-ccbe-4596-8031-db264dba7def,online,London,restaurant,EC1A1BB,True,97.71,USD,GBR,Frive,1.13,97.71,e52c4efa-d593-46da-892e-3708e27a0de3,489,5811,,Frive,21790
6dd714a4-d782-4ddd-b035-c59363625e42,settled,2025-04-10 21:13:08,GBP,2abbb5d1-630b-4b47-8860-1e36c6728a3c,contactless,London,restaurant,EC1A1BB,True,48.97,GBP,GBR,Barrafina,,48.97,ed6d8a85-0e1a-4be0-a1d4-3b6bc96ddef6,245,5811,GOOGLE_PAY,Barrafina,32560
b99f37a7-2a45-4d78-825a-f4824f10551a,settled,2025-01-16 00:04:23,GBP,3e0fb204-2bd1-40dd-ae57-bb61d4cf405a,chip_and_pin,London,restaurant,EC1A1BB,False,38.49,GBP,GBR,Gopuff,,38.49,3eb68c07-b8d9-46ca-aa38-b6c630c44165,192,5411,,Gopuff,17309
f8d3ce60-77c8-4700-90d9-e31651a95c09,settled,2025-02-09 05:55:02,GBP,db25ca1d-b83c-4923-acc6-347893f95ef5,contactless,London,restaurant,EC1A1BB,False,32.08,GBP,GBR,GOPUFF,,32.08,0c796ddd-8cd1-4192-a4ad-fd023d51f23c,160,5411,,GOPUFF,52456
f0ebf657-4375-43a7-aa05-bc0519713614,settled,2025-05-25 08:23:00,GBP,1f951bf3-1f91-4fc7-a1f7-f8ba8128329b,chip_and_pin,London,restaurant,EC1A1BB,True,60.72,GBP,GBR,Frive,,60.72,3eb68c07-b8d9-46ca-aa38-b6c630c44165,304,5811,APPLE_PAY,Frive,71328
8a9d09db-08b5-4b36-b99b-7358e77c1720,settled,2025-10-06 13:02:14,GBP,e8551018-629f-4ade-a994-6eb8ad30313c,online,London,restaurant,EC1A1BB,True,29.91,GBP,GBR,FRIVE,,29.91,ae45ec26-bb2e-4aa8-af19-033b46c09b04,150,5811,,FRIVE,68621
78e9fa18-99a7-48ac-a0e5-3627b1b118ff,declined,2025-02-07 15:59:17,GBP,85d4ee34-2783-458a-ac0c-ac69fb45b395,online,London,restaurant,EC1A1BB,True,17.49,GBP,GBR,Barrafina,,17.49,ae45ec26-bb2e-4aa8-af19-033b46c09b04,0,5811,APPLE_PAY,Barrafina,92337
b09538a5-3009-4be8-9b51-6e021f4a5175,settled,2025-05-23 03:39:58,GBP,0aae0c2f-cfcf-4ccf-8732-a07ac47a02d8,contactless,London,restaurant,EC1A1BB,False,32.12,GBP,GBR,FRIVE,,32.12,0c796ddd-8cd1-4192-a4ad-fd023d51f23c,161,5811,GOOGLE_PAY,FRIVE,64822
b524aa99-ae2e-4da3-bc6c-a3dba0574be8,settled,2025-06-09 22:05:00,GBP,53ebf6d0-b49a-4527-8a30-5ec0cd85b309,online,London,restaurant,EC1A1BB,False,36.42,GBP,GBR,Bao Soho,,36.42,82819130-a6a0-4816-9f0d-8c5f37829f3d,182,5811,GOOGLE_PAY,Bao Soho,24964
079e996d-a19d-4623-8237-a60d1983344f,settled,2025-03-01 13:30:10,GBP,764742ff-776c-4f62-8e2f-09e9b2bffb7b,online,London,restaurant,EC1A1BB,False,68.19,GBP,GBR,frive,,68.19,e588da33-cc15-4aaf-9a21-2a9b98afd8e7,341,5811,APPLE_PAY,frive,44278
22da851b-1cb7-43a0-8cd2-6f45dc8cdb11,settled,2025-04-03 16:36:44,GBP,b75d60cf-7010-48d2-a881-c87d98255baa,contactless,London,restaurant,EC1A1BB,True,77.42,GBP,GBR,The Breakfast Club,,77.42,ae45ec26-bb2e-4aa8-af19-033b46c09b04,387,5811,GOOGLE_PAY,The Breakfast Club,67948
49558a86-bc39-49d8-b0c0-39bccf995880,declined,2025-11-10 10:00:00,GBP,c22019b9-36a1-44fc-ad1f-c3a3467672c7,online,London,restaurant,EC1A1BB,True,36.58,GBP,GBR,Gopuff,,36.58,e588da33-cc15-4aaf-9a21-2a9b98afd8e7,0,5411,GOOGLE_PAY,Gopuff,63600
cdf480e6-75a5-4c7e-aa59-018cad66075a,settled,2025-03-26 18:22:35,GBP,28ad9013-3515-4022-a3fe-3a48b347696e,contactless,London,restaurant,EC1A1BB,True,25.87,GBP,GBR,GOPUFF,,25.87,3eb68c07-b8d9-46ca-aa38-b6c630c44165,129,5411,,GOPUFF,89764
10d51930-0ea2-47d8-a4c3-ae2fd36886eb,settled,2025-10-11 20:00:35,GBP,7ab7c968-5e85-4dc2-893c-d759f0b569cd,online,London,restaurant,EC1A1BB,True,29.5,GBP,GBR,GOPUFF,,29.5,0f243601-5521-45d7-b9cd-d26c266b6e3c,148,5411,,GOPUFF,11315
68b60951-3a37-4afe-ae09-bd126adc8ddb,settled,2025-01-26 12:19:28,GBP,e1dabee6-b7e8-4fe7-9be7-eff77203edd8,chip_and_pin,London,restaurant,EC1A1BB,False,78.89,GBP,GBR,Burger & Lobster,,78.89,4c5d30c1-c7d7-4291-80af-82e80f68f70e,394,5811,GOOGLE_PAY,Burger & Lobster,21839
d0c6e6eb-99dc-43c1-b922-ce670c674234,settled,2025-01-06 23:57:32,GBP,ad48367a-8e51-4fe0-86ca-1e36a1845c4e,contactless,London,restaurant,EC1A1BB,True,31.44,GBP,GBR,Barrafina,,31.44,fb8a8020-15c9-4dd0-b850-d47e8367fdf8,157,5811,GOOGLE_PAY,Barrafina,58649
c7520b7b-4428-47e0-b869-c5f1f097a3bd,settled,2025-08-12 06:38:24,GBP,0174e789-08ee-480e-86dc-18f5d685364c,online,London,restaurant,EC1A1BB,False,82.72,GBP,GBR,Honest Burgers,,82.72,1fb2fb40-409b-415d-9ae5-2bf40f8c474b,414,5811,APPLE_PAY,Honest Burgers,85538
a4438194-c75a-4db8-81a5-8e0ebc7e350c,settled,2025-10-19 18:46:21,GBP,c670055e-40ba-47cc-8c4d-748c8e386dc6,chip_and_pin,London,restaurant,EC1A1BB,True,105.63,GBP,GBR,FRIVE,,105.63,dc6fc45e-5eb0-413b-b418-aeef67c8e83f,528,5811,,FRIVE,12711
68284b23-41dc-4332-93f8-64c1f2f5f06e,settled,2025-04-05 13:56:12,USD,5e8f686b-553b-48f4-812e-13de4b501eaf,chip_and_pin,London,restaurant,EC1A1BB,True,17.48,USD,GBR,Gopuff,0.75,17.48,b7b9f418-63d5-4bc5-bee9-f925f8f2b803,87,5411,,Gopuff,44264
9dbf282f-fc70-4e63-b981-437cdc3495bb,settled,2025-01-07 20:51:28,GBP,ceb159be-3c7e-49c2-ac5b-b474aa199659,chip_and_pin,London,restaurant,EC1A1BB,True,29.4,GBP,GBR,Franco Manca,,29.4,33cc06a2-97db-4b07-abcf-190031db941b,147,5811,APPLE_PAY,Franco Manca,15920
26f44436-c292-4b3e-a403-d5487230ec6b,settled,2025-04-17 00:39:58,GBP,9afd6b1f-9410-48c5-bb6c-058e42cb8034,chip_and_pin,London,restaurant,EC1A1BB,True,20.03,GBP,GBR,Bao Soho,,20.03,79b4e5a2-a0a3-4366-a683-a830c97e130b,100,5811,,Bao Soho,39757
9b249ad5-6417-4671-805e-62ceb4d70aae,settled,2025-02-27 04:11:41,GBP,af3247e9-8d94-45a7-adee-4327e833ca96,online,London,restaurant,EC1A1BB,True,81.22,GBP,GBR,Pizza Pilgrims,,81.22,f770b398-a7bc-41b1-b621-dd2e850205bb,406,5811,,Pizza Pilgrims,61856
d82c6327-5453-4f08-8c87-44254f4929d5,settled,2025-01-21 04:21:21,GBP,0ad9767c-110e-47fc-bc4d-c14891ff7ba5,online,London,restaurant,EC1A1BB,False,37.84,GBP,GBR,FRIVE LTD,,37.84,1c2f7862-ba10-4494-88cf-afd94f79b6f1,189,5811,,FRIVE LTD,83541
1e096a27-d5ed-4649-b49d-d1b7c055d3ce,settled,2025-01-21 19:09:06,GBP,d2423063-89bb-48ad-a551-47f25c49687e,contactless,London,restaurant,EC1A1BB,True,30.2,GBP,GBR,Gymkhana London,,30.2,ed6d8a85-0e1a-4be0-a1d4-3b6bc96ddef6,151,5811,GOOGLE_PAY,Gymkhana London,19078
4b8b0975-f563-40ca-8adf-aae665fd0dfa,settled,2025-05-06 23:09:48,GBP,2a2ad3f3-bcc3-47b8-9b4d-fcb2b2c09b49,chip_and_pin,London,restaurant,EC1A1BB,True,36.42,GBP,GBR,FRIVE,,36.42,fb8a8020-15c9-4dd0-b850-d47e8367fdf8,182,5811,GOOGLE_PAY,FRIVE,15277
f762c4f3-4b84-4a53-9338-f37b7f3e52e7,settled,2025-01-14 08:23:08,GBP,f0799e24-6da1-4368-bebf-feda1af1c575,chip_and_pin,London,restaurant,EC1A1BB,True,57.51,GBP,GBR,Barrafina,,57.51,ba4ea1a4-1566-49f4-a5ea-5b3bafe4c133,288,5811,APPLE_PAY,Barrafina,42844
4408d36b-9d8d-4ee5-9235-58d29d3ae1ee,settled,2025-02-17 06:19:20,GBP,bb98fcbd-51fe-40c7-a05d-c2b185979738,contactless,London,restaurant,EC1A1BB,True,105.33,GBP,GBR,frive,,105.33,e588da33-cc15-4aaf-9a21-2a9b98afd8e7,527,5811,,frive,17908
c96d4b7b-8dff-463c-aafa-67047684db71,declined,2025-08-19 19:10:35,GBP,df16073e-afc8-4ab5-adab-50c74892e8c2,contactless,London,restaurant,EC1A1BB,False,55.09,GBP,GBR,Honest Burgers,,55.09,ae45ec26-bb2e-4aa8-af19-033b46c09b04,0,5811,,Honest Burgers,63286
e32f089b-b25c-4bda-8d61-adab77cb6a08,settled,2025-08-13 05:14:42,GBP,65f359ce-bf53-4971-9442-2b3e40365ff1,contactless,London,restaurant,EC1A1BB,False,51.88,GBP,GBR,Burger & Lobster,,51.88,53389114-0b1a-4a9e-a9ef-fb2a0bc47df2,259,5811,,Burger & Lobster,36370
8295a9e4-1a88-47c7-8efa-60ea166a07cb,settled,2025-08-02 01:04:53,GBP,43a882bd-d1df-472b-843e-033a2d58ed1b,online,London,restaurant,EC1A1BB,True,56.73,GBP,GBR,Bao Soho,,56.73,4c5d30c1-c7d7-4291-80af-82e80f68f70e,284,5811,APPLE_PAY,Bao Soho,34746
f1979b67-9e75-4fb9-b187-73cd2aeb5b0f,declined,2025-07-19 00:22:31,GBP,83bfd7bb-e9e9-4646-a49e-8d69f3917497,online,London,restaurant,EC1A1BB,False,52.66,GBP,GBR,THE FRIVE,,52.66,2ffc62a1-1512-4569-a031-757068b99f4d,0,5811,APPLE_PAY,THE FRIVE,74409
0e1d8a9f-dfa3-4a68-a6b2-883bf183b140,settled,2025-04-15 19:54:37,GBP,3a37d031-2afc-4c83-ac6a-42efbe7f830c,online,London,restaurant,EC1A1BB,True,35.89,GBP,GBR,Gopuff,,35.89,53389114-0b1a-4a9e-a9ef-fb2a0bc47df2,179,5411,GOOGLE_PAY,Gopuff,77763
cf4cbe0d-f3bb-4d40-842d-c534aaafc942,declined,2025-05-31 15:22:14,GBP,1205165d-585f-4c2e-a72e-50ab97164b59,online,London,restaurant,EC1A1BB,False,64.49,GBP,GBR,FRIVE,,64.49,33cc06a2-97db-4b07-abcf-190031db941b,0,5811,APPLE_PAY,FRIVE,97587
9550933c-6127-4a6c-b03d-a45f53a5f649,settled,2025-05-17 21:06:40,GBP,6242d210-4732-4ca6-80f2-624e82683696,online,London,restaurant,EC1A1BB,False,71.95,GBP,GBR,Bao Soho,,71.95,0c796ddd-8cd1-4192-a4ad-fd023d51f23c,360,5811,,Bao Soho,92662
6d24002e-8479-45ed-8fd8-de1e53934be6,settled,2025-10-03 04:11:00,GBP,2488b64c-a834-44ea-bbfe-049dbb4253b9,online,London,restaurant,EC1A1BB,True,5.17,GBP,GBR,Gopuff,,5.17,f26ae5e1-519b-45ca-93f9-11b50c50e21d,26,5411,GOOGLE_PAY,Gopuff,64776
09ca44cd-904d-4e53-a166-fb16597d2774,settled,2025-11-27 02:04:35,GBP,d34351b0-1c87-4e1a-a29f-93a1fe136dec,online,London,restaurant,EC1A1BB,False,39.71,GBP,GBR,Flat Iron Soho,,39.71,7831baba-3a1e-43e5-8fe8-f6091ae067c8,199,5811,,Flat Iron Soho,56262
a5952fb6-83b5-452d-b4ce-56bccba8dac0,settled,2025-06-01 17:26:34,EUR,a2a9c800-c806-4279-8d00-087f6dbbbf3f,chip_and_pin,London,restaurant,EC1A1BB,False,12.49,EUR,GBR,Gymkhana London,0.92,12.49,e588da33-cc15-4aaf-9a21-2a9b98afd8e7,62,5811,APPLE_PAY,Gymkhana London,29004
49be2723-c95d-454f-8f46-38f7f3b8e844,settled,2025-06-19 04:30:49,GBP,517f7cca-26c7-47fe-868e-df801a55f199,contactless,London,restaurant,EC1A1BB,False,17.95,GBP,GBR,GOPUFF*DELIVERY,,17.95,4e655323-cf25-40ac-8fd5-fd40c57db97c,90,5411,GOOGLE_PAY,GOPUFF*DELIVERY,11401
886f71ab-cffb-4590-bcaf-aee27e72345c,settled,2025-01-10 22:22:42,GBP,7db51c2b-f95c-4f1e-a028-e3528ef94c6a,online,London,restaurant,EC1A1BB,False,43.48,GBP,GBR,FRIVE LTD,,43.48,e52c4efa-d593-46da-892e-3708e27a0de3,217,5811,,FRIVE LTD,61054
451f6afe-8074-40bf-8dfb-48f49a67830a,settled,2025-06-30 07:06:33,GBP,6728828f-aa07-4f2f-a65f-12d514da8020,contactless,London,restaurant,EC1A1BB,False,58.04,GBP,GBR,Frive,,58.04,9119c8ee-2828-4148-8dd2-e09eee42ee67,290,5811,APPLE_PAY,Frive,59075
d86a96d6-ce1f-45f1-bbe4-8875e25efdb6,declined,2025-07-14 12:48:30,GBP,e818c4fe-176d-4099-9951-38ccf47a0c86,chip_and_pin,London,restaurant,EC1A1BB,False,76.23,GBP,GBR,Pizza Pilgrims,,76.23,d889683c-0b36-4e3a-bad5-2c7da4cdf851,0,5811,GOOGLE_PAY,Pizza Pilgrims,79486
d7dba737-d808-4a01-a22e-d253251f4a7e,declined,2025-10-17 21:34:55,GBP,fef0c0f2-65fa-46ab-bbd5-2a695b8f1579,contactless,London,restaurant,EC1A1BB,True,45.22,GBP,GBR,Frive,,45.22,33cc06a2-97db-4b07-abcf-190031db941b,0,5811,,Frive,95973
636ff773-19fa-4dec-873a-d947d62bf9a1,settled,2025-12-14 09:26:51,GBP,1726be07-7294-4af1-ab4c-ec98d25413c9,chip_and_pin,London,restaurant,EC1A1BB,True,76.83,GBP,GBR,Franco Manca,,76.83,53389114-0b1a-4a9e-a9ef-fb2a0bc47df2,384,5811,GOOGLE_PAY,Franco Manca,76176
3b1b914a-c24d-4a83-8135-e4be8a5c187c,settled,2025-12-13 20:40:45,GBP,c4bbf34a-a847-4aa8-a6a9-b25f7006ecee,chip_and_pin,London,restaurant,EC1A1BB,True,74.86,GBP,GBR,FRIVE,,74.86,57f7500a-2b65-46ee-b0ae-bf00a8c9ef60,374,5811,,FRIVE,63925
04ae0a04-202f-4313-a3b8-8dbcd456d716,settled,2025-01-05 04:02:44,GBP,977bf521-3c4c-4fd3-bf25-c55b736bb8cd,contactless,London,restaurant,EC1A1BB,True,15.37,GBP,GBR,THE FRIVE,,15.37,7831baba-3a1e-43e5-8fe8-f6091ae067c8,77,5811,,THE FRIVE,35775
f463f942-544b-43c5-804b-60d8e4437f6c,settled,2025-03-10 00:55:41,GBP,dfaf91e3-8bcd-4fba-8496-5024f0aa2b0a,online,London,restaurant,EC1A1BB,True,77.38,GBP,GBR,Barrafina,,77.38,0f243601-5521-45d7-b9cd-d26c266b6e3c,387,5811,APPLE_PAY,Barrafina,29051
fa6a69ba-1a90-4f68-9e52-9ba9a5af51d1,declined,2025-03-02 21:12:36,GBP,2814599d-59c9-45a5-828f-fbe816304f00,chip_and_pin,London,restaurant,EC1A1BB,False,8.05,GBP,GBR,Gopuff,,8.05,e588da33-cc15-4aaf-9a21-2a9b98afd8e7,0,5411,GOOGLE_PAY,Gopuff,18141
8f69c320-24d4-4eba-8b3f-4e900b5dec3d,settled,2025-09-10 11:22:25,GBP,a9934b09-11a3-4e01-bc33-4d02fcf779d5,chip_and_pin,London,restaurant,EC1A1BB,True,64.23,GBP,GBR,Pizza Pilgrims,,64.23,37e2cb0e-01f6-45db-914c-6d8863a92600,321,5811,GOOGLE_PAY,Pizza Pilgrims,86317
fad902f0-d2ae-43c4-b952-b2e70cf65bc2,settled,2025-01-25 11:24:45,GBP,24d6ac67-4078-4c83-96f2-55769dd9d872,contactless,London,restaurant,EC1A1BB,False,51.64,GBP,GBR,THE FRIVE,,51.64,9119c8ee-2828-4148-8dd2-e09eee42ee67,258,5811,,THE FRIVE,17154
af978ce3-27a3-48a1-89fd-73159cd58a40,declined,2025-08-29 20:28:42,GBP,f7104624-67e9-48c2-9b87-c8ab788d9a45,online,London,restaurant,EC1A1BB,False,17.59,GBP,GBR,GOPUFF,,17.59,82819130-a6a0-4816-9f0d-8c5f37829f3d,0,5411,GOOGLE_PAY,GOPUFF,74952
6e3f9a3b-b2cd-40f5-9b9f-f91699c13d8c,settled,2025-01-27 05:23:14,GBP,93c5bcdb-906c-4f33-b71e-d9401132e4a0,contactless,London,restaurant,EC1A1BB,True,28.16,GBP,GBR,Hoppers Soho,,28.16,82819130-a6a0-4816-9f0d-8c5f37829f3d,141,5811,GOOGLE_PAY,Hoppers Soho,21464
9029051f-5c27-480e-b33f-06b16274ed63,declined,2025-03-09 08:50:06,GBP,9126f53c-d00e-43b0-9659-5eb8d4386b53,contactless,London,restaurant,EC1A1BB,False,15.73,GBP,GBR,frive,,15.73,c251d7c3-4e08-4493-b514-38640022f239,0,5811,GOOGLE_PAY,frive,79959
96551879-f0e2-4767-8455-35cff05b1186,settled,2025-12-05 10:49:40,USD,50c20f28-c6f7-4c5a-a705-0615bfdf0b0c,online,London,restaurant,EC1A1BB,False,106.32,USD,GBR,FRIVE,0.89,106.32,d889683c-0b36-4e3a-bad5-2c7da4cdf851,532,5811,GOOGLE_PAY,FRIVE,41086
b228362b-63e1-48a8-b1bf-5278e0d1a2ae,settled,2025-06-19 03:52:00,GBP,ba6072f2-d4ea-467b-b860-73ce902ce750,contactless,London,restaurant,EC1A1BB,False,14.67,GBP,GBR,GOPUFF,,14.67,e52c4efa-d593-46da-892e-3708e27a0de3,73,5411,,GOPUFF,71217
eb1edbee-2255-4aa6-86ab-1f7824a3d405,settled,2025-11-21 19:01:21,GBP,44af4d92-58b6-4ad2-b792-8ac74dc2c214,contactless,London,restaurant,EC1A1BB,False,13.66,GBP,GBR,GOPUFF*DELIVERY,,13.66,7831baba-3a1e-43e5-8fe8-f6091ae067c8,68,5411,,GOPUFF*DELIVERY,72384
a34f22a0-9d81-49cb-bdff-c112f61407ab,declined,2025-07-16 01:21:14,EUR,6fa6f44d-7919-4aa4-b7f8-de4569c1242a,chip_and_pin,London,restaurant,EC1A1BB,True,79.15,EUR,GBR,FRIVE LTD,0.99,79.15,57f7500a-2b65-46ee-b0ae-bf00a8c9ef60,0,5811,GOOGLE_PAY,FRIVE LTD,62972
bd71685e-fefe-4978-8746-9e9285022e2e,settled,2025-08-25 04:52:07,GBP,ec65a7f2-95d2-46f9-821e-9038634f57ac,online,London,restaurant,EC1A1BB,True,61.48,GBP,GBR,Flat Iron Soho,,61.48,e588da33-cc15-4aaf-9a21-2a9b98afd8e7,307,5811,,Flat Iron Soho,96182
b6f96288-a233-4392-8f07-b1e256ae219d,settled,2025-10-06 22:21:55,GBP,113e6cd6-4736-41b0-968c-3844933e8cea,online,London,restaurant,EC1A1BB,True,52.04,GBP,GBR,FRIVE,,52.04,4e655323-cf25-40ac-8fd5-fd40c57db97c,260,5811,APPLE_PAY,FRIVE,96867
a11d18bd-c4ae-4978-8f46-b39ed6b9186c,settled,2025-12-13 03:42:40,GBP,151e80bb-958f-468a-89e7-822ca1e92430,online,London,restaurant,EC1A1BB,True,91.49,GBP,GBR,Frive,,91.49,79b4e5a2-a0a3-4366-a683-a830c97e130b,457,5811,,Frive,39677
5af75e55-3fb1-4f92-85e3-167474f1199f,declined,2025-04-23 01:39:02,GBP,88fe9af5-d735-4760-afcf-f1915446876f,contactless,London,restaurant,EC1A1BB,False,41.45,GBP,GBR,Gymkhana London,,41.45,0c796ddd-8cd1-4192-a4ad-fd023d51f23c,0,5811,,Gymkhana London,33120
9a4db084-c550-481c-9873-e5129a4e8ac8,settled,2025-01-12 11:39:01,GBP,21d302f0-5027-4e43-a3f3-a8cdfaf4fc95,contactless,London,restaurant,EC1A1BB,False,77.48,GBP,GBR,Gymkhana London,,77.48,9119c8ee-2828-4148-8dd2-e09eee42ee67,387,5811,GOOGLE_PAY,Gymkhana London,56152
bd085363-c9d1-4d5d-a55a-9ed4282524de,declined,2025-12-18 20:57:25,GBP,0f6bd8ff-2549-47d3-ae9b-c40e21e7be73,chip_and_pin,London,restaurant,EC1A1BB,True,25.95,GBP,GBR,Frive,,25.95,f26ae5e1-519b-45ca-93f9-11b50c50e21d,0,5811,,Frive,63039
bbd72b6a-dab5-44e7-817d-5b3e6cda5d3a,settled,2025-01-16 12:48:48,GBP,9ad6d2cf-7e9b-4ca9-a925-ea01a3f7e021,online,London,restaurant,EC1A1BB,True,86.91,GBP,GBR,frive,,86.91,1fb2fb40-409b-415d-9ae5-2bf40f8c474b,435,5811,,frive,83996
619bd3f2-f54c-4f7d-af12-62d122543e2f,settled,2025-11-23 00:23:03,GBP,c926848e-31b2-46b1-b704-8f7936cbb2e0,contactless,London,restaurant,EC1A1BB,False,79.58,GBP,GBR,Bao Soho,,79.58,82819130-a6a0-4816-9f0d-8c5f37829f3d,398,5811,APPLE_PAY,Bao Soho,15630
3ccd96ee-ac28-4dc2-a6ca-d5710053511f,settled,2025-12-06 20:38:16,GBP,8777230f-3328-4b47-ae83-68f51582d7b4,chip_and_pin,London,restaurant,EC1A1BB,True,61.72,GBP,GBR,Padella Borough,,61.72,ba4ea1a4-1566-49f4-a5ea-5b3bafe4c133,309,5811,GOOGLE_PAY,Padella Borough,64687
c7527a5a-72e9-456c-9e0f-1edb35ca104e,settled,2025-09-27 18:51:34,EUR,9547576b-27bd-4c53-afe1-eb8b5e597acb,chip_and_pin,London,restaurant,EC1A1BB,False,32.53,EUR,GBR,Padella Borough,0.92,32.53,0ef72607-b006-4d79-a40c-04df2aded4d7,163,5811,GOOGLE_PAY,Padella Borough,76670
e77dc9b0-1a36-4916-8e07-947338ff2519,settled,2025-01-22 02:07:05,GBP,ce3d0d5f-a488-43c0-9fd1-d996d66549f2,contactless,London,restaurant,EC1A1BB,False,73.8,GBP,GBR,Franco Manca,,73.8,f770b398-a7bc-41b1-b621-dd2e850205bb,369,5811,APPLE_PAY,Franco Manca,32876
a3d6d5e1-e181-430b-8ce2-46f0fa5d4152,declined,2025-08-01 04:50:58,GBP,4ce5733c-2691-4289-a3ba-3058c113f413,online,London,restaurant,EC1A1BB,True,31.0,GBP,GBR,Franco Manca,,31.0,c251d7c3-4e08-4493-b514-38640022f239,0,5811,GOOGLE_PAY,Franco Manca,36399
a407330f-cf8a-4c46-8019-0745fe26e087,settled,2025-09-05 04:39:36,GBP,04ac5295-50e4-470d-a9fd-c159600f4023,chip_and_pin,London,restaurant,EC1A1BB,False,60.93,GBP,GBR,Honest Burgers,,60.93,53389114-0b1a-4a9e-a9ef-fb2a0bc47df2,305,5811,,Honest Burgers,27445
8c637317-80b6-446d-b02b-a163d4ae7406,pending,2025-12-30 10:41:37,GBP,e2321693-1eab-4163-b174-564b25a2e27e,online,London,restaurant,EC1A1BB,True,27.67,GBP,GBR,Frive,,27.67,f26ae5e1-519b-45ca-93f9-11b50c50e21d,138,5811,APPLE_PAY,Frive,81861
9665f2a0-8883-4ac7-b71a-f53748968d43,settled,2025-06-14 21:53:13,GBP,1134ea9f-81c1-4609-b82d-31a82863fb23,contactless,London,restaurant,EC1A1BB,False,55.7,GBP,GBR,Pizza Pilgrims,,55.7,1c2f7862-ba10-4494-88cf-afd94f79b6f1,278,5811,APPLE_PAY,Pizza Pilgrims,11621
6f6bae99-2e34-4548-8659-a145d43bd962,settled,2025-05-20 23:55:28,GBP,3d71b62a-6216-43c0-9b99-856e42e4382f,online,London,restaurant,EC1A1BB,True,100.1,GBP,GBR,FRIVE,,100.1,0f243601-5521-45d7-b9cd-d26c266b6e3c,500,5811,GOOGLE_PAY,FRIVE,31144
8a346ee7-8867-4d1d-8119-a82851bd76ae,settled,2025-05-07 00:17:09,GBP,f94018c9-4af1-4e67-893a-7cfd8c4a8aba,online,London,restaurant,EC1A1BB,True,42.5,GBP,GBR,Frive,,42.5,5d1937ae-6f42-45dd-a708-a3d8b2ef1089,212,5811,GOOGLE_PAY,Frive,53479
b037ee8c-5b3e-4cc2-9b40-2c5d999b0a1f,settled,2025-10-14 23:57:37,GBP,a0d6a42c-f178-48c6-b4bb-ed44e1c7ad0a,contactless,London,restaurant,EC1A1BB,False,105.89,GBP,GBR,FRIVE LTD,,105.89,4e655323-cf25-40ac-8fd5-fd40c57db97c,529,5811,GOOGLE_PAY,FRIVE LTD,21923
21acc561-3b55-4a8f-b409-a963876f82ed,settled,2025-09-08 07:14:17,GBP,8a82bc8c-6100-4057-8f29-f4b5b8479234,contactless,London,restaurant,EC1A1BB,True,63.05,GBP,GBR,Barrafina,,63.05,53389114-0b1a-4a9e-a9ef-fb2a0bc47df2,315,5811,,Barrafina,61809
7708066a-fa47-42f8-ab94-866d3c8e3e4e,settled,2025-11-23 01:26:24,GBP,712db20b-44c2-4e73-9d25-7917c0d58bd2,online,London,restaurant,EC1A1BB,False,9.09,GBP,GBR,GOPUFF,,9.09,0c796ddd-8cd1-4192-a4ad-fd023d51f23c,45,5411,,GOPUFF,34188
cc77b8da-2596-47f6-8b54-b175ae5156f5,settled,2025-09-09 09:19:12,GBP,198ecb7d-e258-4655-b971-33980323a385,contactless,London,restaurant,EC1A1BB,True,27.05,GBP,GBR,GOPUFF,,27.05,33cc06a2-97db-4b07-abcf-190031db941b,135,5411,APPLE_PAY,GOPUFF,24055
18480f4d-2ef9-4731-8f7a-84ec928933e9,settled,2025-08-09 03:36:22,GBP,cdec654f-b372-45e9-b656-2dead0e25257,online,London,restaurant,EC1A1BB,True,41.44,GBP,GBR,Burger & Lobster,,41.44,7831baba-3a1e-43e5-8fe8-f6091ae067c8,207,5811,GOOGLE_PAY,Burger & Lobster,49265
e4dab32d-5c8f-484d-9732-1212fca91dc8,settled,2025-08-23 00:52:23,USD,9770001f-27cf-43c8-8d36-8748c97cce75,online,London,restaurant,EC1A1BB,True,11.55,USD,GBR,GOPUFF,1.19,11.55,4e655323-cf25-40ac-8fd5-fd40c57db97c,58,5411,GOOGLE_PAY,GOPUFF,38609
92f08599-457b-4672-a91a-9466d63f5e2c,settled,2025-10-08 18:23:06,GBP,3d65cb0a-51a5-4041-90a9-2db482396d68,contactless,London,restaurant,EC1A1BB,True,96.26,GBP,GBR,THE FRIVE,,96.26,9119c8ee-2828-4148-8dd2-e09eee42ee67,481,5811,GOOGLE_PAY,THE FRIVE,77452
641d4763-2584-4406-accf-15a56af07049,settled,2025-10-04 00:55:36,USD,3722617f-eb77-491e-a290-f01a7014daa9,online,London,restaurant,EC1A1BB,False,31.64,USD,GBR,Gopuff,0.89,31.64,fb8a8020-15c9-4dd0-b850-d47e8367fdf8,158,5411,APPLE_PAY,Gopuff,84385
e37f17f4-dbf5-4dd1-a4ed-9c51a289b7bd,settled,2025-03-17 21:24:28,GBP,100c449e-1cd3-4fad-964d-064d7ac97f09,contactless,London,restaurant,EC1A1BB,False,64.09,GBP,GBR,Frive,,64.09,0f243601-5521-45d7-b9cd-d26c266b6e3c,320,5811,,Frive,89832
9cf84790-4d6e-4cdf-8287-bee2f6e4d634,settled,2025-08-29 17:36:00,GBP,1bad3b98-0033-4e52-b8db-96680f672d68,online,London,restaurant,EC1A1BB,True,29.37,GBP,GBR,GOPUFF*DELIVERY,,29.37,b7b9f418-63d5-4bc5-bee9-f925f8f2b803,147,5411,GOOGLE_PAY,GOPUFF*DELIVERY,49231
7eeb2fd0-49a5-4814-8d64-ce2e516f06b2,settled,2025-12-03 00:49:55,GBP,3293fb44-02c0-489f-a6a7-16c4275bbe7d,chip_and_pin,London,restaurant,EC1A1BB,False,28.24,GBP,GBR,Padella Borough,,28.24,ed6d8a85-0e1a-4be0-a1d4-3b6bc96ddef6,141,5811,APPLE_PAY,Padella Borough,82728
21d03827-843c-4f84-b72d-a6b86b33976c,settled,2025-08-14 13:09:06,GBP,9525b6bc-a8c8-470e-a67e-ec8717cd6549,chip_and_pin,London,restaurant,EC1A1BB,True,20.85,GBP,GBR,Go Puff,,20.85,fb8a8020-15c9-4dd0-b850-d47e8367fdf8,104,5411,APPLE_PAY,Go Puff,39000
63498600-0411-497d-a1db-30937bd4acfd,settled,2025-12-01 20:02:26,GBP,b5127fe3-d055-44f7-97a1-bd7378bd57c6,chip_and_pin,London,restaurant,EC1A1BB,False,32.82,GBP,GBR,FRIVE,,32.82,33cc06a2-97db-4b07-abcf-190031db941b,164,5811,APPLE_PAY,FRIVE,39694
96e639d1-2cac-4b6e-8a94-d15715fc0e50,declined,2025-07-30 04:35:52,GBP,d13edf6d-456b-4474-86c4-7c014748dd13,contactless,London,restaurant,EC1A1BB,True,53.38,GBP,GBR,Hoppers Soho,,53.38,4e655323-cf25-40ac-8fd5-fd40c57db97c,0,5811,GOOGLE_PAY,Hoppers Soho,92129
f2cd122a-31b2-4138-9507-0e9b7b168b1d,declined,2025-10-08 05:47:37,GBP,2cd44e8d-1e5c-469a-a16d-7ee96629f98c,contactless,London,restaurant,EC1A1BB,True,66.71,GBP,GBR,FRIVE LTD,,66.71,e588da33-cc15-4aaf-9a21-2a9b98afd8e7,0,5811,GOOGLE_PAY,FRIVE LTD,58937
bd6f1d7e-7488-44c1-868d-7e155edaeabd,settled,2025-10-29 10:22:19,GBP,870f7d74-c950-4dda-bb7c-71463414740f,online,London,restaurant,EC1A1BB,False,19.49,GBP,GBR,frive,,19.49,1fb2fb40-409b-415d-9ae5-2bf40f8c474b,97,5811,APPLE_PAY,frive,25799
ea02a2c9-aa73-4902-87cc-3f3b67d86750,declined,2025-10-02 17:41:33,GBP,9a46656a-3e60-4428-aca8-4779107b238c,online,London,restaurant,EC1A1BB,True,74.01,GBP,GBR,FRIVE,,74.01,0c796ddd-8cd1-4192-a4ad-fd023d51f23c,0,5811,,FRIVE,58101
cb6257d3-483a-405b-86ce-29da1472780c,settled,2025-10-17 11:56:58,GBP,7cee90fc-49f1-4587-8cab-a005149208d5,chip_and_pin,London,restaurant,EC1A1BB,False,93.43,GBP,GBR,FRIVE,,93.43,33cc06a2-97db-4b07-abcf-190031db941b,467,5811,,FRIVE,74092
90df0588-40ff-4e64-86aa-5fc05972b9c7,settled,2025-01-17 21:29:04,USD,d24c8261-5a02-47e2-8f1e-92579368d259,chip_and_pin,London,restaurant,EC1A1BB,False,37.12,USD,GBR,GOPUFF*DELIVERY,0.83,37.12,33cc06a2-97db-4b07-abcf-190031db941b,186,5411,APPLE_PAY,GOPUFF*DELIVERY,12789
05ee884c-9286-42fd-94ad-a0bb20c9bcd8,settled,2025-11-22 12:14:23,GBP,caae1e71-9932-4eb2-9e56-f530bae7b14c,online,London,restaurant,EC1A1BB,False,20.06,GBP,GBR,Honest Burgers,,20.06,4e655323-cf25-40ac-8fd5-fd40c57db97c,100,5811,,Honest Burgers,28906
f5edf28b-8639-4f37-8b7c-2227c17e82e0,settled,2025-08-17 11:29:50,GBP,d2d5ffae-baa6-4f3a-93d9-270fd6017350,online,London,restaurant,EC1A1BB,False,81.26,GBP,GBR,Bao Soho,,81.26,dc6fc45e-5eb0-413b-b418-aeef67c8e83f,406,5811,APPLE_PAY,Bao Soho,14147
3718b2d8-e717-4b30-acf5-2b80676f77cd,settled,2025-11-07 20:46:30,GBP,2cc79d93-1b57-4645-ae6e-8e115042d320,contactless,London,restaurant,EC1A1BB,False,73.94,GBP,GBR,frive,,73.94,33cc06a2-97db-4b07-abcf-190031db941b,370,5811,GOOGLE_PAY,frive,61565
871945c5-0d30-4a5d-8a61-866778efe53a,settled,2025-03-31 00:22:58,GBP,75d59016-042d-42ca-b301-f07d017c4b4e,chip_and_pin,London,restaurant,EC1A1BB,True,36.04,GBP,GBR,Gymkhana London,,36.04,ba4ea1a4-1566-49f4-a5ea-5b3bafe4c133,180,5811,,Gymkhana London,37706
8e305613-8cb0-4a9e-a1b5-859c2dd1a772,settled,2025-03-07 21:58:40,EUR,84af98c3-5cee-4d0d-ab42-b1e9b0f941cd,online,London,restaurant,EC1A1BB,False,46.48,EUR,GBR,FRIVE LTD,0.7,46.48,33cc06a2-97db-4b07-abcf-190031db941b,232,5811,,FRIVE LTD,39703
7812883f-6852-4df6-8843-80603c03bf93,settled,2025-01-08 23:11:15,GBP,9d2ed26b-e121-4b65-8619-ec243ae9733f,online,London,restaurant,EC1A1BB,False,19.31,GBP,GBR,THE FRIVE,,19.31,82819130-a6a0-4816-9f0d-8c5f37829f3d,97,5811,GOOGLE_PAY,THE FRIVE,18320
d7923a51-82ad-462e-90f9-0a2fe653f707,declined,2025-07-14 04:21:13,USD,caa8009c-61fb-41cd-b272-fd2de3a0da74,contactless,London,restaurant,EC1A1BB,False,65.17,USD,GBR,THE FRIVE,1.16,65.17,3eb68c07-b8d9-46ca-aa38-b6c630c44165,0,5811,APPLE_PAY,THE FRIVE,92981
bb6ed00f-b805-4fe9-8e8d-3c4ae890031b,settled,2025-08-11 01:16:56,GBP,0c126aa9-1655-49cc-ae65-8e0e7f61eda4,chip_and_pin,London,restaurant,EC1A1BB,True,90.34,GBP,GBR,Frive,,90.34,f26ae5e1-519b-45ca-93f9-11b50c50e21d,452,5811,APPLE_PAY,Frive,49845
8195e8d6-34c1-4fd7-a025-83c4c12d838b,declined,2025-10-24 10:46:16,GBP,251f6d2d-0fab-436a-8440-406fb26eb39c,contactless,London,restaurant,EC1A1BB,False,29.9,GBP,GBR,Barrafina,,29.9,ed6d8a85-0e1a-4be0-a1d4-3b6bc96ddef6,0,5811,GOOGLE_PAY,Barrafina,98048
325f0fbc-10ed-4b61-8c93-a3f41073093e,settled,2025-05-06 12:26:31,USD,f4e4a436-ab91-49b2-8c27-4b355868f7d1,chip_and_pin,London,restaurant,EC1A1BB,False,77.28,USD,GBR,Gymkhana London,0.77,77.28,dc6fc45e-5eb0-413b-b418-aeef67c8e83f,386,5811,APPLE_PAY,Gymkhana London,63081
d8934199-be68-41f3-a356-d0cbbbd639c7,settled,2025-06-23 00:31:53,GBP,97ddc297-72da-4e75-ac81-1d20c7c622a2,chip_and_pin,London,restaurant,EC1A1BB,False,54.84,GBP,GBR,Pizza Pilgrims,,54.84,d889683c-0b36-4e3a-bad5-2c7da4cdf851,274,5811,GOOGLE_PAY,Pizza Pilgrims,19633
b812c246-389a-4ec3-a311-1073dc5a41dc,settled,2025-12-24 18:26:02,GBP,b69124b6-35da-4ae6-ad2e-ff825c7c2969,online,London,restaurant,EC1A1BB,True,17.17,GBP,GBR,GOPUFF,,17.17,57f7500a-2b65-46ee-b0ae-bf00a8c9ef60,86,5411,,GOPUFF,73506
a6e99e19-79c8-481b-ad22-6a08b184b4d7,settled,2025-05-04 23:41:36,GBP,2801414f-ef64-4ae5-ad29-d305aca17f2d,chip_and_pin,London,restaurant,EC1A1BB,True,66.92,GBP,GBR,Frive,,66.92,dc6fc45e-5eb0-413b-b418-aeef67c8e83f,335,5811,APPLE_PAY,Frive,38614
6236fa7e-a8cc-436d-8d08-4584fdd14d2d,settled,2025-01-19 12:32:37,GBP,9f03fa97-bceb-45f4-a857-28a48009dab9,chip_and_pin,London,restaurant,EC1A1BB,True,41.85,GBP,GBR,THE FRIVE,,41.85,d889683c-0b36-4e3a-bad5-2c7da4cdf851,209,5811,APPLE_PAY,THE FRIVE,26910
41f110ac-f16a-4c74-86fd-74c31b5a53f1,settled,2025-08-22 09:55:41,GBP,4dac4212-953b-4fce-8fe4-f755015f72ea,chip_and_pin,London,restaurant,EC1A1BB,True,47.41,GBP,GBR,THE FRIVE,,47.41,e52c4efa-d593-46da-892e-3708e27a0de3,237,5811,,THE FRIVE,93871
a0aad87f-d67e-4dce-a942-0922b2a444e0,settled,2025-05-06 09:36:40,GBP,38c692ed-1133-411a-b8fb-ddbb4ff7dd38,chip_and_pin,London,restaurant,EC1A1BB,False,46.04,GBP,GBR,Frive,,46.04,ae45ec26-bb2e-4aa8-af19-033b46c09b04,230,5811,GOOGLE_PAY,Frive,32872
0f3f2901-0614-48df-b492-ca194aa7d83d,settled,2025-01-23 07:27:16,GBP,cab49111-9c6a-4187-a4b5-68ff8378c542,online,London,restaurant,EC1A1BB,False,23.28,GBP,GBR,FRIVE,,23.28,ba4ea1a4-1566-49f4-a5ea-5b3bafe4c133,116,5811,,FRIVE,70735
56a10a59-de75-4674-a3af-79d286d851f9,declined,2025-12-06 03:52:42,GBP,483522fc-ac0a-4b7d-90b4-a2e0129621f5,chip_and_pin,London,restaurant,EC1A1BB,False,68.59,GBP,GBR,Frive,,68.59,37e2cb0e-01f6-45db-914c-6d8863a92600,0,5811,,Frive,30536
1473b5fa-ec39-482c-9997-7eb395d12ee5,settled,2025-02-06 07:00:18,GBP,8ea215c6-6ddb-4519-a131-202708787660,chip_and_pin,London,restaurant,EC1A1BB,True,19.31,GBP,GBR,Gopuff,,19.31,37e2cb0e-01f6-45db-914c-6d8863a92600,97,5411,,Gopuff,96161
91952b5a-5662-49df-ad9d-3bc5d7e5a9af,settled,2025-08-22 15:01:50,GBP,f5e9bef7-df70-440b-ba2b-8a3ee126d1af,online,London,restaurant,EC1A1BB,False,71.38,GBP,GBR,Bao Soho,,71.38,4e655323-cf25-40ac-8fd5-fd40c57db97c,357,5811,,Bao Soho,83308
697253a9-aa9d-4373-9a98-7718812a52ba,settled,2025-04-19 01:35:49,GBP,46b88bc0-5eae-424f-979c-5be067fa55dc,contactless,London,restaurant,EC1A1BB,True,30.46,GBP,GBR,Pizza Pilgrims,,30.46,9119c8ee-2828-4148-8dd2-e09eee42ee67,152,5811,GOOGLE_PAY,Pizza Pilgrims,62539
a830e4c1-f5c8-4535-8e03-05c86662eaa7,settled,2025-10-21 19:54:49,GBP,acf67491-e06c-40db-886a-a6ef0e6ea725,online,London,restaurant,EC1A1BB,False,16.39,GBP,GBR,Flat Iron Soho,,16.39,b7b9f418-63d5-4bc5-bee9-f925f8f2b803,82,5811,APPLE_PAY,Flat Iron Soho,29571
07efced9-c5b5-4aa2-8f79-11d196cdb2fa,settled,2025-12-17 15:14:30,GBP,9db66527-7940-4caf-9060-6bdf1e44af30,online,London,restaurant,EC1A1BB,True,50.58,GBP,GBR,Pizza Pilgrims,,50.58,c251d7c3-4e08-4493-b514-38640022f239,253,5811,GOOGLE_PAY,Pizza Pilgrims,93378
d34a81a8-61f1-4575-8976-95efe9e2cdcb,declined,2025-12-21 07:45:01,GBP,89b7159e-55f6-4056-82de-0ea7f21f761e,contactless,London,restaurant,EC1A1BB,True,35.64,GBP,GBR,Padella Borough,,35.64,9119c8ee-2828-4148-8dd2-e09eee42ee67,0,5811,,Padella Borough,94601
3a0d3c69-9d11-46b6-bf1b-4da9825ac56a,settled,2025-12-21 19:53:35,USD,d6b4c153-327e-43dc-8c49-1cc3942a664e,online,London,restaurant,EC1A1BB,False,53.19,USD,GBR,Padella Borough,0.72,53.19,d889683c-0b36-4e3a-bad5-2c7da4cdf851,266,5811,APPLE_PAY,Padella Borough,41697
e10e0b78-ce14-4544-af2e-25e00e809212,settled,2025-03-31 20:37:26,USD,012513bb-0cd5-4c07-8964-270b8c2857e5,online,London,restaurant,EC1A1BB,False,76.06,USD,GBR,FRIVE LTD,1.19,76.06,9119c8ee-2828-4148-8dd2-e09eee42ee67,380,5811,APPLE_PAY,FRIVE LTD,27894
ffaaa789-78c5-484a-8aad-39f319e4b345,settled,2025-11-16 13:19:45,GBP,cf2c72ac-b013-441c-b8f6-1c9fdc2726ba,chip_and_pin,London,restaurant,EC1A1BB,False,75.66,GBP,GBR,Honest Burgers,,75.66,53389114-0b1a-4a9e-a9ef-fb2a0bc47df2,378,5811,,Honest Burgers,37796
3e91bc0d-921e-4e6f-9835-16fc6fbb2f03,settled,2025-08-13 22:45:40,GBP,ea35b05e-8075-4d38-9f32-bc6986aeaf4a,contactless,London,restaurant,EC1A1BB,False,6.85,GBP,GBR,GOPUFF*DELIVERY,,6.85,e52c4efa-d593-46da-892e-3708e27a0de3,34,5411,GOOGLE_PAY,GOPUFF*DELIVERY,99804
914b604a-0ab9-4855-9660-5ae8603e1f78,settled,2025-01-10 11:38:56,GBP,efa17c82-d1c5-459c-8862-34c206de4457,contactless,London,restaurant,EC1A1BB,True,27.67,GBP,GBR,FRIVE,,27.67,7831baba-3a1e-43e5-8fe8-f6091ae067c8,138,5811,GOOGLE_PAY,FRIVE,70880
ae8c1aec-37c4-421d-983d-af73dccd7f8e,settled,2025-09-23 03:52:24,GBP,68923818-df1e-4867-b3bb-5c0d16751882,contactless,London,restaurant,EC1A1BB,True,76.01,GBP,GBR,Frive,,76.01,d889683c-0b36-4e3a-bad5-2c7da4cdf851,380,5811,GOOGLE_PAY,Frive,36395
85e1e209-e670-44cf-a424-31e685ff6f6a,settled,2025-11-04 15:00:46,GBP,e67436f2-34bb-4e6e-8733-fd931f39a455,online,London,restaurant,EC1A1BB,True,27.99,GBP,GBR,GOPUFF,,27.99,f26ae5e1-519b-45ca-93f9-11b50c50e21d,140,5411,APPLE_PAY,GOPUFF,24463
6d05049e-f9b6-42d7-9c7a-ad1cf3c98de6,settled,2025-02-16 18:48:08,GBP,d5b1d0f7-f6ed-4383-84e5-f45ec997c56e,chip_and_pin,London,restaurant,EC1A1BB,True,25.07,GBP,GBR,Dishoom Shoreditch,,25.07,0f243601-5521-45d7-b9cd-d26c266b6e3c,125,5811,,Dishoom Shoreditch,79459
c37dcc4f-b3c0-4ee0-b01b-73c56d9fea6a,settled,2025-05-18 07:32:10,USD,84b11149-988c-4939-b944-858f3b2691aa,chip_and_pin,London,restaurant,EC1A1BB,True,48.2,USD,GBR,FRIVE,1.07,48.2,33cc06a2-97db-4b07-abcf-190031db941b,241,5811,GOOGLE_PAY,FRIVE,11993
452ddfdf-776a-4f72-805b-3a562b9dc54a,settled,2025-04-13 18:42:02,GBP,0f2e9e9a-0713-430c-b435-6844a564327c,online,London,restaurant,EC1A1BB,True,33.66,GBP,GBR,FRIVE,,33.66,3eb68c07-b8d9-46ca-aa38-b6c630c44165,168,5811,GOOGLE_PAY,FRIVE,52691
6ed99801-05c1-4b50-8e2b-20c5ed7a9fc2,settled,2025-09-25 05:58:14,EUR,6d45faf9-b752-47e9-820f-673e36c2d7ee,chip_and_pin,London,restaurant,EC1A1BB,False,36.14,EUR,GBR,Franco Manca,0.9,36.14,e52c4efa-d593-46da-892e-3708e27a0de3,181,5811,GOOGLE_PAY,Franco Manca,60197
3655e762-303b-432b-a373-9ab7ac816e3c,settled,2025-02-28 17:37:30,GBP,c8285862-f364-4264-80a8-fa5f10c094cf,online,London,restaurant,EC1A1BB,False,77.56,GBP,GBR,Pizza Pilgrims,,77.56,d889683c-0b36-4e3a-bad5-2c7da4cdf851,388,5811,,Pizza Pilgrims,41557
4e0bb17a-abab-4c72-9a82-dab7d4e61fb9,settled,2025-11-17 14:44:13,GBP,aafe926e-ba1f-4fad-8bbf-4eeff5a7c921,chip_and_pin,London,restaurant,EC1A1BB,False,41.34,GBP,GBR,Gopuff,,41.34,57f7500a-2b65-46ee-b0ae-bf00a8c9ef60,207,5411,GOOGLE_PAY,Gopuff,81951
fd1f18e9-bbc4-4605-89ab-7fdb338fa87b,declined,2025-09-17 10:19:55,GBP,43ee1d5d-77cf-47a5-988e-7814b34eeb5e,chip_and_pin,London,restaurant,EC1A1BB,False,66.47,GBP,GBR,Honest Burgers,,66.47,ed6d8a85-0e1a-4be0-a1d4-3b6bc96ddef6,0,5811,,Honest Burgers,40727
b6470d75-540b-4a22-97e4-079a34a14f06,settled,2025-11-17 09:28:18,GBP,07f129c6-524e-42ed-ac5a-d6f08d04ae56,chip_and_pin,London,restaurant,EC1A1BB,False,63.99,GBP,GBR,Gymkhana London,,63.99,f26ae5e1-519b-45ca-93f9-11b50c50e21d,320,5811,,Gymkhana London,19436
7f85b4e0-46b7-437b-a0e3-85a092ae55c6,settled,2025-09-02 05:46:42,GBP,0e84d388-461b-403a-9c87-4d4c259421e8,chip_and_pin,London,restaurant,EC1A1BB,False,15.49,GBP,GBR,GOPUFF*DELIVERY,,15.49,7831baba-3a1e-43e5-8fe8-f6091ae067c8,77,5411,GOOGLE_PAY,GOPUFF*DELIVERY,84803
5cf68c9a-def4-4c89-b501-a45c36ef1a9d,settled,2025-03-27 21:57:26,GBP,81dc2e46-9fdd-477a-a503-900b61b8121a,contactless,London,restaurant,EC1A1BB,True,49.59,GBP,GBR,THE FRIVE,,49.59,0c796ddd-8cd1-4192-a4ad-fd023d51f23c,248,5811,GOOGLE_PAY,THE FRIVE,29982
ee76f229-836e-4585-ad91-ef6136d51d60,settled,2025-11-16 04:31:24,GBP,11b57443-344e-4d01-a67b-71b58bc22892,contactless,London,restaurant,EC1A1BB,False,75.35,GBP,GBR,Barrafina,,75.35,f770b398-a7bc-41b1-b621-dd2e850205bb,377,5811,GOOGLE_PAY,Barrafina,30164
386482fd-604e-4efd-a35d-b6e52565130e,settled,2025-09-30 20:54:34,GBP,360538a5-d8ee-49f4-873a-19c0e438abd8,online,London,restaurant,EC1A1BB,False,70.63,GBP,GBR,Barrafina,,70.63,3eb68c07-b8d9-46ca-aa38-b6c630c44165,353,5811,APPLE_PAY,Barrafina,48076
b4697908-6c7e-429d-89db-0f43df5a24ba,settled,2025-06-23 06:53:54,GBP,15bd07fb-5454-4185-8fc5-aeb848f301c8,contactless,London,restaurant,EC1A1BB,False,70.27,GBP,GBR,Burger & Lobster,,70.27,4c5d30c1-c7d7-4291-80af-82e80f68f70e,351,5811,,Burger & Lobster,74064
66059d12-daa0-4848-abd4-80c959299ba4,settled,2025-07-22 05:13:03,GBP,86eed73c-1ce6-4a38-8262-4e9bfcb3c0ed,contactless,London,restaurant,EC1A1BB,True,64.72,GBP,GBR,Frive,,64.72,f770b398-a7bc-41b1-b621-dd2e850205bb,324,5811,,Frive,84783
f10d5e03-ff1d-4a9a-ace6-b40db93424f2,settled,2025-04-11 20:16:25,GBP,208677a3-233c-467c-8981-0ee784773f6f,contactless,London,restaurant,EC1A1BB,False,32.05,GBP,GBR,Franco Manca,,32.05,e52c4efa-d593-46da-892e-3708e27a0de3,160,5811,GOOGLE_PAY,Franco Manca,21643
c983efe6-9b3a-4332-898d-7f55d2d6295c,settled,2025-03-20 07:49:16,GBP,d6fcb705-5d85-4088-9d7e-a8edf23fe54f,online,London,restaurant,EC1A1BB,False,73.7,GBP,GBR,Frive,,73.7,0c796ddd-8cd1-4192-a4ad-fd023d51f23c,368,5811,GOOGLE_PAY,Frive,15472
dd66eaab-a048-4799-87ee-11244527abe7,settled,2025-10-04 17:19:14,GBP,e7333e01-dd1a-446c-bf37-58d56f55a2f6,online,London,restaurant,EC1A1BB,True,55.94,GBP,GBR,FRIVE LTD,,55.94,1c2f7862-ba10-4494-88cf-afd94f79b6f1,280,5811,APPLE_PAY,FRIVE LTD,91075
ff788254-705c-460a-932c-6e443507c92b,declined,2025-03-16 09:56:02,GBP,1fdcdbac-c38d-48aa-a05d-caee33cbdc27,online,London,restaurant,EC1A1BB,False,26.83,GBP,GBR,Barrafina,,26.83,ba4ea1a4-1566-49f4-a5ea-5b3bafe4c133,0,5811,GOOGLE_PAY,Barrafina,78919
0bcdfb0f-ad9a-4959-bf2e-91005d74a5cb,settled,2025-06-11 01:23:51,EUR,947ce608-fbf5-41d0-bc2c-19d15dd33d2e,contactless,London,restaurant,EC1A1BB,True,19.87,EUR,GBR,Dishoom Shoreditch,0.91,19.87,0f243601-5521-45d7-b9cd-d26c266b6e3c,99,5811,GOOGLE_PAY,Dishoom Shoreditch,67650
507c77e1-87df-4ab1-a7ea-ea59c55ac824,settled,2025-06-04 10:02:09,GBP,d8f47659-cb91-4458-bd1b-661c06985e79,chip_and_pin,London,restaurant,EC1A1BB,False,60.94,GBP,GBR,Dishoom Shoreditch,,60.94,0f243601-5521-45d7-b9cd-d26c266b6e3c,305,5811,APPLE_PAY,Dishoom Shoreditch,82594
29a3aa51-e008-4af6-9df5-e10f92cf0123,settled,2025-05-09 05:14:11,GBP,52ecef36-2582-4860-ac73-c160b917c931,contactless,London,restaurant,EC1A1BB,False,26.22,GBP,GBR,FRIVE LTD,,26.22,1c2f7862-ba10-4494-88cf-afd94f79b6f1,131,5811,APPLE_PAY,FRIVE LTD,21567
514b3a17-bfc0-4c6f-8a82-64e54267737a,settled,2025-11-26 09:21:57,GBP,016b1cdf-253c-41dc-9c91-e23c63bffea1,chip_and_pin,London,restaurant,EC1A1BB,False,26.59,GBP,GBR,Barrafina,,26.59,1c2f7862-ba10-4494-88cf-afd94f79b6f1,133,5811,,Barrafina,86538
3c5e677e-39c4-4416-804f-56b7bbb6bb78,settled,2025-02-24 10:56:36,USD,c0d134c3-b895-4c98-98a5-d0e6f777fd4c,chip_and_pin,London,restaurant,EC1A1BB,False,35.4,USD,GBR,Pizza Pilgrims,1.19,35.4,fb8a8020-15c9-4dd0-b850-d47e8367fdf8,177,5811,GOOGLE_PAY,Pizza Pilgrims,21352
c90b99a7-ffce-43fe-811d-b594c73b1c40,settled,2025-05-02 13:44:57,GBP,320c2826-92a4-485a-9a25-a05bb6c9c00b,online,London,restaurant,EC1A1BB,False,67.79,GBP,GBR,Frive,,67.79,d889683c-0b36-4e3a-bad5-2c7da4cdf851,339,5811,APPLE_PAY,Frive,42574
87782a6a-4ccd-426c-8f35-c5fdf936648f,settled,2025-12-03 14:55:49,GBP,c2d9ba66-ee36-4f8a-87e7-e6267cb3820a,online,London,restaurant,EC1A1BB,False,34.26,GBP,GBR,Bao Soho,,34.26,d889683c-0b36-4e3a-bad5-2c7da4cdf851,171,5811,,Bao Soho,96025
99c70c8f-18eb-45f7-8bef-e6a2c94e0a08,declined,2025-07-09 21:41:22,GBP,4948e2c8-eec8-443e-9dfc-1e9769babc92,chip_and_pin,London,restaurant,EC1A1BB,False,26.62,GBP,GBR,Gymkhana London,,26.62,4c5d30c1-c7d7-4291-80af-82e80f68f70e,0,5811,APPLE_PAY,Gymkhana London,11115
9911042d-015b-4735-883f-36395a129907,settled,2025-07-27 00:39:22,GBP,b1d98eb5-a283-4b21-90cc-e2fef3c4e4af,online,London,restaurant,EC1A1BB,True,93.22,GBP,GBR,THE FRIVE,,93.22,b7b9f418-63d5-4bc5-bee9-f925f8f2b803,466,5811,GOOGLE_PAY,THE FRIVE,37441
8cd97e7c-d8ff-4759-8bad-5a9a87f6ecec,declined,2025-11-08 15:29:03,GBP,a7117cb6-75bf-4b7a-b70f-e0cddedda415,chip_and_pin,London,restaurant,EC1A1BB,True,44.48,GBP,GBR,Burger & Lobster,,44.48,4e655323-cf25-40ac-8fd5-fd40c57db97c,0,5811,GOOGLE_PAY,Burger & Lobster,16417
85fce63e-83df-48d1-a6af-0655c02e50e5,declined,2025-02-23 04:54:38,GBP,485b73b0-5f5e-4e86-8427-403480ca187d,online,London,restaurant,EC1A1BB,True,25.15,GBP,GBR,Honest Burgers,,25.15,ba4ea1a4-1566-49f4-a5ea-5b3bafe4c133,0,5811,APPLE_PAY,Honest Burgers,98323
7e9f364e-c94f-492a-a949-bf1fac85041e,settled,2025-10-07 18:54:59,USD,7560466d-98d8-4d1e-a91e-110f089218d1,contactless,London,restaurant,EC1A1BB,True,73.2,USD,GBR,Franco Manca,0.96,73.2,f770b398-a7bc-41b1-b621-dd2e850205bb,366,5811,GOOGLE_PAY,Franco Manca,21997
a1a71351-0baf-4724-8a3a-9fc982482bf2,settled,2025-01-20 12:55:49,GBP,c9253aea-23e0-435b-8209-ac0f7b153b14,chip_and_pin,London,restaurant,EC1A1BB,True,82.09,GBP,GBR,Frive,,82.09,fb8a8020-15c9-4dd0-b850-d47e8367fdf8,410,5811,APPLE_PAY,Frive,15473
d1eaa938-8e5f-4315-978c-3620295f1e93,settled,2025-03-04 04:39:05,GBP,a059f7b1-a656-46a8-b76f-bc1e11e96011,contactless,London,restaurant,EC1A1BB,False,98.1,GBP,GBR,frive,,98.1,33cc06a2-97db-4b07-abcf-190031db941b,490,5811,,frive,43821
0e6fa887-68a4-4ab0-93aa-db800400649d,settled,2025-05-06 23:33:21,GBP,5265307f-cd69-4cef-a73d-f8c50ab8edf2,online,London,restaurant,EC1A1BB,True,20.66,GBP,GBR,GOPUFF,,20.66,2ffc62a1-1512-4569-a031-757068b99f4d,103,5411,,GOPUFF,95829
634742b7-c22c-40ef-a767-fb09ccdf3591,settled,2025-07-31 22:28:32,GBP,5a808a2b-df97-40bb-a3ad-8b815ff22914,contactless,London,restaurant,EC1A1BB,True,29.15,GBP,GBR,FRIVE LTD,,29.15,4c5d30c1-c7d7-4291-80af-82e80f68f70e,146,5811,GOOGLE_PAY,FRIVE LTD,56113
41cc6bee-87f4-430a-9765-38610ffba042,settled,2025-02-17 10:18:29,GBP,d245c99b-d1da-4881-83ea-5332bc2dedbc,contactless,London,restaurant,EC1A1BB,True,50.42,GBP,GBR,Franco Manca,,50.42,f770b398-a7bc-41b1-b621-dd2e850205bb,252,5811,GOOGLE_PAY,Franco Manca,73536
a15480ac-1779-4089-ac4f-26dfa54dc9ba,settled,2025-04-19 17:46:41,GBP,e8638083-5cf7-44e2-bc93-7ffd1749b04a,chip_and_pin,London,restaurant,EC1A1BB,False,26.7,GBP,GBR,Flat Iron Soho,,26.7,ba4ea1a4-1566-49f4-a5ea-5b3bafe4c133,134,5811,APPLE_PAY,Flat Iron Soho,14247
5c5ed52e-280b-42df-ad86-d1188a4fb85d,settled,2025-08-14 07:01:20,GBP,4d82314a-34c6-4863-9426-c12e8094f95c,online,London,restaurant,EC1A1BB,False,42.78,GBP,GBR,GOPUFF,,42.78,1fb2fb40-409b-415d-9ae5-2bf40f8c474b,214,5411,GOOGLE_PAY,GOPUFF,73050
47d1b4f2-f90b-4147-801e-f574b6997a22,settled,2025-04-07 01:54:05,GBP,5a069393-e606-44c4-a3b3-45e0abbf7d1d,chip_and_pin,London,restaurant,EC1A1BB,True,37.36,GBP,GBR,GOPUFF*DELIVERY,,37.36,ed6d8a85-0e1a-4be0-a1d4-3b6bc96ddef6,187,5411,,GOPUFF*DELIVERY,31151
da82d36f-0445-4823-9e95-772cbfc52630,settled,2025-08-20 07:21:16,GBP,ade8ccdb-8e6f-4093-9989-da7f72e8097a,contactless,London,restaurant,EC1A1BB,False,21.52,GBP,GBR,Gopuff,,21.52,d889683c-0b36-4e3a-bad5-2c7da4cdf851,108,5411,GOOGLE_PAY,Gopuff,96919
5a3e6be0-cc1e-441a-8869-ec1985b7c12e,settled,2025-10-13 03:37:29,GBP,7cedc2c6-86ea-4772-9ba5-82509fc2eeb7,online,London,restaurant,EC1A1BB,True,46.5,GBP,GBR,FRIVE,,46.5,c251d7c3-4e08-4493-b514-38640022f239,232,5811,GOOGLE_PAY,FRIVE,44246
fbf66d09-02f1-4de4-9181-a8ad8ccd0777,settled,2025-02-06 12:15:59,GBP,4d2506ec-ec2e-4130-9387-a4145b9c2ccc,contactless,London,restaurant,EC1A1BB,True,15.82,GBP,GBR,Go Puff,,15.82,79b4e5a2-a0a3-4366-a683-a830c97e130b,79,5411,APPLE_PAY,Go Puff,76425
700617b8-a168-4fc7-8894-dca9d85e2a20,settled,2025-04-10 12:12:33,GBP,8ffed0e2-4521-4ee8-8911-090e8cdeed24,chip_and_pin,London,restaurant,EC1A1BB,True,26.85,GBP,GBR,Franco Manca,,26.85,9119c8ee-2828-4148-8dd2-e09eee42ee67,134,5811,,Franco Manca,22451
a5e3e49c-6a0d-405a-948a-ae4bf51b7cc8,settled,2025-01-06 20:50:54,GBP,cf58d94a-8765-4724-820c-8289a40ece25,contactless,London,restaurant,EC1A1BB,False,53.64,GBP,GBR,Burger & Lobster,,53.64,79b4e5a2-a0a3-4366-a683-a830c97e130b,268,5811,APPLE_PAY,Burger & Lobster,14052
719b4258-bc70-4c59-8bd4-e0dca25ec239,settled,2025-06-14 15:59:33,GBP,48890869-e489-40df-a385-9dfc3cf02db2,chip_and_pin,London,restaurant,EC1A1BB,True,8.37,GBP,GBR,Gopuff,,8.37,d889683c-0b36-4e3a-bad5-2c7da4cdf851,42,5411,,Gopuff,42210
2dbe6e9d-83fa-4972-85f2-33bce67fbb46,settled,2025-01-29 08:54:19,GBP,937cdb7d-3aa9-4957-87b4-3acd67ea13da,online,London,restaurant,EC1A1BB,True,18.92,GBP,GBR,FRIVE,,18.92,1fb2fb40-409b-415d-9ae5-2bf40f8c474b,95,5811,GOOGLE_PAY,FRIVE,70527
9aa76d0a-73d7-4476-a279-822816a87191,settled,2025-08-18 20:33:44,GBP,e15d1e7d-2f3a-4766-8931-893eeebe33d1,chip_and_pin,London,restaurant,EC1A1BB,True,69.42,GBP,GBR,The Breakfast Club,,69.42,ae45ec26-bb2e-4aa8-af19-033b46c09b04,347,5811,APPLE_PAY,The Breakfast Club,29822
50039eac-960e-4b09-ac54-ee75c5e1ed7f,settled,2025-11-06 18:43:19,GBP,e321b121-4383-487c-9d4a-effbc31938b7,online,London,restaurant,EC1A1BB,True,32.44,GBP,GBR,GOPUFF,,32.44,9119c8ee-2828-4148-8dd2-e09eee42ee67,162,5411,APPLE_PAY,GOPUFF,75185
ce53f702-b236-45cd-9a99-b26f17412466,settled,2025-07-24 02:30:26,GBP,ccd071a0-22f9-42c5-9737-b5682908d8b7,contactless,London,restaurant,EC1A1BB,False,86.39,GBP,GBR,FRIVE,,86.39,1c2f7862-ba10-4494-88cf-afd94f79b6f1,432,5811,,FRIVE,63916
0ab7dcf6-efe7-4f55-b932-a2f5af8654f6,settled,2025-02-05 21:06:15,GBP,874d61c6-daa1-49a8-a6ed-f755b689f038,contactless,London,restaurant,EC1A1BB,False,70.64,GBP,GBR,Pizza Pilgrims,,70.64,f26ae5e1-519b-45ca-93f9-11b50c50e21d,353,5811,GOOGLE_PAY,Pizza Pilgrims,49710
05874b3b-b6b3-430a-9ac2-e120c041432e,settled,2025-12-18 09:12:05,GBP,2250caf9-58f4-4e72-9b2e-4bcc6b29083d,online,London,restaurant,EC1A1BB,True,55.1,GBP,GBR,Barrafina,,55.1,e52c4efa-d593-46da-892e-3708e27a0de3,276,5811,,Barrafina,18917
6e99b46a-03d5-4405-aafe-2aaee4ddff24,settled,2025-11-01 03:32:09,GBP,97fc1da3-0f14-4d06-b121-cebb905c6db9,chip_and_pin,London,restaurant,EC1A1BB,True,29.53,GBP,GBR,Padella Borough,,29.53,7831baba-3a1e-43e5-8fe8-f6091ae067c8,148,5811,GOOGLE_PAY,Padella Borough,61381
17836a98-e706-4403-bca1-4bee00a912ff,settled,2025-09-15 17:19:27,GBP,5982e80f-e658-44a3-a1b2-394c6728baef,chip_and_pin,London,restaurant,EC1A1BB,False,72.28,GBP,GBR,Gymkhana London,,72.28,7831baba-3a1e-43e5-8fe8-f6091ae067c8,361,5811,,Gymkhana London,96937
45dba319-8250-44ee-afcb-257d3a96cc6f,settled,2025-08-20 00:33:13,EUR,38a16b91-6ebe-417c-8654-6329f12a77e0,online,London,restaurant,EC1A1BB,False,33.93,EUR,GBR,Dishoom Shoreditch,0.91,33.93,dc6fc45e-5eb0-413b-b418-aeef67c8e83f,170,5811,,Dishoom Shoreditch,29114
21b770f7-121b-40f9-9428-3585c9bf2c85,settled,2025-05-11 06:18:56,GBP,c24de8c8-7631-4da6-adeb-3a37ad14a827,contactless,London,restaurant,EC1A1BB,False,52.42,GBP,GBR,Frive,,52.42,2ffc62a1-1512-4569-a031-757068b99f4d,262,5811,GOOGLE_PAY,Frive,34548
ba40f216-f8ce-43dc-9791-bf067215e8d8,settled,2025-09-30 07:26:25,GBP,fa4e68c6-bd18-4bf9-a8b0-53105a216918,online,London,restaurant,EC1A1BB,False,20.81,GBP,GBR,Padella Borough,,20.81,dc6fc45e-5eb0-413b-b418-aeef67c8e83f,104,5811,APPLE_PAY,Padella Borough,53602
6bb2bfff-ff18-4608-9b4e-0e1d36b8ff9e,declined,2025-02-28 14:31:43,GBP,d2f066f8-af8a-45c9-a444-0825670e0b14,chip_and_pin,London,restaurant,EC1A1BB,True,76.38,GBP,GBR,Hoppers Soho,,76.38,9119c8ee-2828-4148-8dd2-e09eee42ee67,0,5811,GOOGLE_PAY,Hoppers Soho,31261
d5314860-f7ea-418b-8a15-e3e90987492c,settled,2025-06-01 19:47:17,GBP,45e32702-9cdc-4bc2-bb0a-14ed3ab8d506,online,London,restaurant,EC1A1BB,False,24.86,GBP,GBR,frive,,24.86,e588da33-cc15-4aaf-9a21-2a9b98afd8e7,124,5811,,frive,98636
d8566360-e397-4d98-abe9-d9d1346f821c,declined,2025-02-09 04:31:23,GBP,b5892242-45ff-46da-b3fe-044da70e80db,online,London,restaurant,EC1A1BB,True,39.5,GBP,GBR,Barrafina,,39.5,2ffc62a1-1512-4569-a031-757068b99f4d,0,5811,,Barrafina,77407
44f339b5-2a92-4559-b4ef-efbf1440faea,settled,2025-08-31 08:15:59,GBP,6c80a8ec-4b5f-4f39-ace0-365b0347c55d,chip_and_pin,London,restaurant,EC1A1BB,True,34.29,GBP,GBR,Gymkhana London,,34.29,ed6d8a85-0e1a-4be0-a1d4-3b6bc96ddef6,171,5811,,Gymkhana London,95799
7cbe7828-0cc0-4f76-80fd-e116323de94f,settled,2025-07-13 10:46:59,GBP,7149c330-fe8c-4fb9-81e5-bc2abe8cabd3,online,London,restaurant,EC1A1BB,False,20.41,GBP,GBR,FRIVE,,20.41,0f243601-5521-45d7-b9cd-d26c266b6e3c,102,5811,,FRIVE,50782
211a50ef-147c-48f1-99a7-ae21cc1f5c6b,declined,2025-10-19 16:30:57,GBP,5d45f55e-c37a-457e-9256-7a7e384caf8b,online,London,restaurant,EC1A1BB,True,45.5,GBP,GBR,Burger & Lobster,,45.5,e588da33-cc15-4aaf-9a21-2a9b98afd8e7,0,5811,APPLE_PAY,Burger & Lobster,34596
2bb5092c-c24a-4aed-b96e-fb4e0348aabc,settled,2025-08-17 04:20:41,USD,949bdd49-11fe-46b5-a2a8-7c049bc2eb08,contactless,London,restaurant,EC1A1BB,False,11.94,USD,GBR,Go Puff,0.85,11.94,ae45ec26-bb2e-4aa8-af19-033b46c09b04,60,5411,,Go Puff,81854
e9eec9ad-71a9-44d9-a327-dec00cd35df3,declined,2025-06-08 06:45:48,GBP,10ac9652-d545-40c8-9358-5dca7a8d82bf,online,London,restaurant,EC1A1BB,True,61.83,GBP,GBR,FRIVE LTD,,61.83,f26ae5e1-519b-45ca-93f9-11b50c50e21d,0,5811,GOOGLE_PAY,FRIVE LTD,85387
205fb87b-dd38-44af-839a-95e866ceec94,settled,2025-07-12 12:50:04,GBP,3f8994aa-280b-4699-be6f-f5d2314df9a8,contactless,London,restaurant,EC1A1BB,False,47.99,GBP,GBR,THE FRIVE,,47.99,33cc06a2-97db-4b07-abcf-190031db941b,240,5811,APPLE_PAY,THE FRIVE,78224
f5d583a6-21ef-4e56-9b51-3be1fde775bb,declined,2025-03-08 06:49:43,GBP,fee4e6f8-1dc2-4ab3-8666-20ff34c52a62,chip_and_pin,London,restaurant,EC1A1BB,True,70.79,GBP,GBR,FRIVE,,70.79,f770b398-a7bc-41b1-b621-dd2e850205bb,0,5811,GOOGLE_PAY,FRIVE,45697
8dd405a0-bb29-4201-9d9a-c9f030edf097,settled,2025-05-01 03:50:58,GBP,a6c5d13a-b65f-486d-a338-a724957e1c32,online,London,restaurant,EC1A1BB,False,42.12,GBP,GBR,GOPUFF*DELIVERY,,42.12,dc6fc45e-5eb0-413b-b418-aeef67c8e83f,211,5411,GOOGLE_PAY,GOPUFF*DELIVERY,60530
4b6d7e20-e455-4c76-8e15-1f5b458b6180,settled,2025-11-05 01:49:21,GBP,7bf62505-5bfa-400b-9cfd-f4ca3cd8cff3,contactless,London,restaurant,EC1A1BB,True,25.05,GBP,GBR,Go Puff,,25.05,0f243601-5521-45d7-b9cd-d26c266b6e3c,125,5411,GOOGLE_PAY,Go Puff,46556
7fc2ae15-3061-4279-aeb3-b8b8b3919a1a,settled,2025-10-22 00:28:16,GBP,f8c046be-b6c1-45a7-9013-5002b3a105b8,online,London,restaurant,EC1A1BB,False,95.57,GBP,GBR,THE FRIVE,,95.57,2ffc62a1-1512-4569-a031-757068b99f4d,478,5811,GOOGLE_PAY,THE FRIVE,79382
0c562907-b3f7-4b2d-a7b1-d1a52a124972,settled,2025-11-11 22:53:14,GBP,03d4ca7e-c171-4a94-9dd1-040197670938,online,London,restaurant,EC1A1BB,False,35.85,GBP,GBR,Go Puff,,35.85,53389114-0b1a-4a9e-a9ef-fb2a0bc47df2,179,5411,,Go Puff,88924
b222bce7-b336-4ac6-b3f2-9854670ebee7,settled,2025-05-20 17:36:06,GBP,05ac6d6f-1d9a-4842-8628-b4f7a2aae221,contactless,London,restaurant,EC1A1BB,False,19.04,GBP,GBR,Franco Manca,,19.04,3eb68c07-b8d9-46ca-aa38-b6c630c44165,95,5811,,Franco Manca,31747
3c1e98c7-eedd-4a63-a4c3-7c640d347698,settled,2025-09-08 09:42:49,GBP,31bc18a5-ccdf-4767-8a08-c59b68830009,online,London,restaurant,EC1A1BB,False,20.6,GBP,GBR,Burger & Lobster,,20.6,c251d7c3-4e08-4493-b514-38640022f239,103,5811,,Burger & Lobster,61454
ff961d2c-54ed-4677-b7c1-a81708edef2d,settled,2025-07-14 02:34:44,GBP,b8e128ec-95bb-45f3-b588-9cda51940fce,chip_and_pin,London,restaurant,EC1A1BB,False,82.66,GBP,GBR,frive,,82.66,7831baba-3a1e-43e5-8fe8-f6091ae067c8,413,5811,GOOGLE_PAY,frive,27506
3c214de9-8c8c-4ca9-a66b-7b3cd71cc22b,declined,2025-03-24 17:47:53,GBP,5d2328eb-a40e-49d4-a1c8-cfdffb1755d7,online,London,restaurant,EC1A1BB,False,48.66,GBP,GBR,Flat Iron Soho,,48.66,ed6d8a85-0e1a-4be0-a1d4-3b6bc96ddef6,0,5811,,Flat Iron Soho,38041
a15e424b-c37e-4153-b485-dd8a9915a46e,settled,2025-08-11 19:28:57,GBP,6ff651c0-efbe-432a-b7e7-e6421c59a063,contactless,London,restaurant,EC1A1BB,False,23.03,GBP,GBR,Pizza Pilgrims,,23.03,0ef72607-b006-4d79-a40c-04df2aded4d7,115,5811,,Pizza Pilgrims,14387
dd87b4a2-9ca5-4cfd-a6fe-5445ef6c6cec,settled,2025-10-16 13:20:41,GBP,0a9b4251-2747-49ba-a4e7-aa98db4a5540,online,London,restaurant,EC1A1BB,True,21.58,GBP,GBR,Bao Soho,,21.58,33cc06a2-97db-4b07-abcf-190031db941b,108,5811,,Bao Soho,89082
5b4452fb-5adb-45ea-8897-2e0f912aec34,settled,2025-08-23 21:35:51,GBP,cb857c4d-4808-4c68-8a9a-6c6c8763fca5,online,London,restaurant,EC1A1BB,True,34.58,GBP,GBR,Padella Borough,,34.58,33cc06a2-97db-4b07-abcf-190031db941b,173,5811,APPLE_PAY,Padella Borough,77799
cdfb214c-29bd-40d8-aef9-104f596a681a,settled,2025-01-29 00:46:13,GBP,2fe3ff70-d63f-47ba-8b96-c3c8917159b9,contactless,London,restaurant,EC1A1BB,False,45.41,GBP,GBR,Dishoom Shoreditch,,45.41,79b4e5a2-a0a3-4366-a683-a830c97e130b,227,5811,,Dishoom Shoreditch,87364
0225a5d6-f126-46a6-8444-eaffd83c8c9b,settled,2025-08-04 12:09:05,GBP,5b783e70-c9a7-434e-a015-e06f10a5d8b6,online,London,restaurant,EC1A1BB,True,9.42,GBP,GBR,Go Puff,,9.42,1fb2fb40-409b-415d-9ae5-2bf40f8c474b,47,5411,GOOGLE_PAY,Go Puff,38555
06f7c248-aac8-4894-8ca7-a9e13030f75f,settled,2025-08-05 03:54:05,GBP,9de0584d-f5c8-4ff2-b8c4-c20ce24c2f6e,chip_and_pin,London,restaurant,EC1A1BB,False,51.21,GBP,GBR,Hoppers Soho,,51.21,7831baba-3a1e-43e5-8fe8-f6091ae067c8,256,5811,APPLE_PAY,Hoppers Soho,65562
8a2f8c56-171e-4493-9bd7-9ce25b2f4953,settled,2025-05-26 09:44:06,GBP,08c26b1d-2290-49e2-860c-ced4cdff5339,online,London,restaurant,EC1A1BB,True,54.7,GBP,GBR,Flat Iron Soho,,54.7,b7b9f418-63d5-4bc5-bee9-f925f8f2b803,274,5811,,Flat Iron Soho,97387
3a44da2b-bcda-435f-be6a-37a73e15385d,declined,2025-12-03 23:07:13,GBP,39630289-f5f2-4ab3-9699-029c4becf817,chip_and_pin,London,restaurant,EC1A1BB,True,36.05,GBP,GBR,Franco Manca,,36.05,dc6fc45e-5eb0-413b-b418-aeef67c8e83f,0,5811,GOOGLE_PAY,Franco Manca,66535
78f01db0-2930-4183-aad9-dccefb0d9d47,settled,2025-06-26 07:17:55,GBP,d26f2f0e-3484-4f9c-9c21-b54afed1977d,contactless,London,restaurant,EC1A1BB,True,36.94,GBP,GBR,Padella Borough,,36.94,f770b398-a7bc-41b1-b621-dd2e850205bb,185,5811,GOOGLE_PAY,Padella Borough,77660
f85c0ad3-e0df-4617-9007-f7a8d4111052,settled,2025-01-07 10:04:20,GBP,baa6f0b2-7c8b-4201-bac6-4926ee2a71fb,online,London,restaurant,EC1A1BB,True,26.36,GBP,GBR,Burger & Lobster,,26.36,5d1937ae-6f42-45dd-a708-a3d8b2ef1089,132,5811,,Burger & Lobster,90361
c6e041a7-17c9-41f1-8f52-fc7b7b006e7c,settled,2025-10-07 10:20:32,GBP,7a032fbb-34cd-457e-b4f1-7479d7af0e25,chip_and_pin,London,restaurant,EC1A1BB,False,54.7,GBP,GBR,frive,,54.7,37e2cb0e-01f6-45db-914c-6d8863a92600,274,5811,,frive,83105
adf63404-45dc-4231-81b6-3821ee74cc4f,settled,2025-05-19 00:23:34,GBP,d793daa3-54df-4db1-9e97-4943c92e77d6,chip_and_pin,London,restaurant,EC1A1BB,False,109.19,GBP,GBR,Frive,,109.19,f26ae5e1-519b-45ca-93f9-11b50c50e21d,546,5811,APPLE_PAY,Frive,65183
4521f9dc-099c-426b-8959-2561545c1ae4,declined,2025-12-16 03:08:30,GBP,9d26c651-8027-468a-bc04-ea5b4eb7f1df,online,London,restaurant,EC1A1BB,True,37.03,GBP,GBR,Flat Iron Soho,,37.03,37e2cb0e-01f6-45db-914c-6d8863a92600,0,5811,GOOGLE_PAY,Flat Iron Soho,54254
74c54019-cd68-40f3-9d0d-ad2849cc9318,settled,2025-11-05 15:36:19,GBP,2957d30f-71a6-4ac8-b4f9-793067dc80eb,contactless,London,restaurant,EC1A1BB,False,74.05,GBP,GBR,Pizza Pilgrims,,74.05,ed6d8a85-0e1a-4be0-a1d4-3b6bc96ddef6,370,5811,GOOGLE_PAY,Pizza Pilgrims,43022
661575a0-5250-41e2-8dad-8a5d14d34639,declined,2025-09-12 21:26:28,GBP,f8f64c4e-6289-4ffe-bdd1-958566160051,chip_and_pin,London,restaurant,EC1A1BB,False,42.81,GBP,GBR,GOPUFF*DELIVERY,,42.81,37e2cb0e-01f6-45db-914c-6d8863a92600,0,5411,,GOPUFF*DELIVERY,31096
9779310e-2d2a-4bf2-8057-253cf46bf57d,settled,2025-11-12 07:10:07,GBP,5258f5cf-1af1-4fb7-96cb-1f197c7c9304,contactless,London,restaurant,EC1A1BB,True,9.45,GBP,GBR,Gopuff,,9.45,dc6fc45e-5eb0-413b-b418-aeef67c8e83f,47,5411,APPLE_PAY,Gopuff,70779
b80fb3c9-ab5c-43ec-8344-20061ffc93aa,settled,2025-10-31 01:33:51,GBP,ca8ee87c-83ca-4130-88e4-cc0752c1e609,chip_and_pin,London,restaurant,EC1A1BB,False,65.75,GBP,GBR,THE FRIVE,,65.75,e52c4efa-d593-46da-892e-3708e27a0de3,329,5811,,THE FRIVE,73508
826c8479-2b42-4665-abf1-c6cdd0ae2da1,settled,2025-10-26 14:58:07,GBP,9f3524f9-669c-4a88-b68c-ed3361d1958e,contactless,London,restaurant,EC1A1BB,True,41.23,GBP,GBR,GOPUFF,,41.23,f26ae5e1-519b-45ca-93f9-11b50c50e21d,206,5411,,GOPUFF,67676
59b117e1-15bc-40a1-9e17-a0b6861306cf,settled,2025-06-27 06:01:25,GBP,f81e144f-23a9-473b-a4a0-939dfb4adbe9,contactless,London,restaurant,EC1A1BB,False,78.72,GBP,GBR,Burger & Lobster,,78.72,4e655323-cf25-40ac-8fd5-fd40c57db97c,394,5811,,Burger & Lobster,32147
dce20de2-2d83-47b9-baab-ef2ad588e4fb,settled,2025-06-05 10:17:02,GBP,cc35d1ba-2fba-4573-b1f2-c0231653b112,contactless,London,restaurant,EC1A1BB,True,64.33,GBP,GBR,Padella Borough,,64.33,f26ae5e1-519b-45ca-93f9-11b50c50e21d,322,5811,,Padella Borough,75270
a696151f-c19a-4995-9b88-100945d860a7,declined,2025-08-21 15:45:13,GBP,802d28c8-caed-4303-b845-fb14c3414234,chip_and_pin,London,restaurant,EC1A1BB,True,91.0,GBP,GBR,frive,,91.0,d889683c-0b36-4e3a-bad5-2c7da4cdf851,0,5811,,frive,93086
a24e3e82-f719-4537-8866-1436673153fa,settled,2025-10-14 19:12:53,GBP,05328227-eb65-4be9-b2de-0ed3788711f4,contactless,London,restaurant,EC1A1BB,True,37.11,GBP,GBR,GOPUFF,,37.11,0ef72607-b006-4d79-a40c-04df2aded4d7,186,5411,APPLE_PAY,GOPUFF,82900
bbdda71d-a9bf-435c-8cbf-6aa2ba73d75e,settled,2025-09-06 00:33:02,USD,c41c1539-6c88-48e1-a9f8-9e5bacc8fdb4,contactless,London,restaurant,EC1A1BB,False,46.16,USD,GBR,Pizza Pilgrims,0.79,46.16,4e655323-cf25-40ac-8fd5-fd40c57db97c,231,5811,,Pizza Pilgrims,23866
1a65b9ae-fc7f-4fbf-85c4-67f7852d9809,settled,2025-07-17 23:46:06,GBP,cc4782a8-be07-4223-9561-2d269d0c4b5c,chip_and_pin,London,restaurant,EC1A1BB,True,17.27,GBP,GBR,Dishoom Shoreditch,,17.27,7831baba-3a1e-43e5-8fe8-f6091ae067c8,86,5811,APPLE_PAY,Dishoom Shoreditch,17109
8ad3ea94-8f04-4e64-b115-87b565f4168e,settled,2025-09-14 21:07:17,GBP,d9ef972b-59ee-451d-a763-216d1f5fa582,online,London,restaurant,EC1A1BB,True,12.56,GBP,GBR,Barrafina,,12.56,2ffc62a1-1512-4569-a031-757068b99f4d,63,5811,,Barrafina,26010
c987542a-3404-4698-8638-b332d8bd7a44,settled,2025-10-03 00:14:56,GBP,5031d2bf-d488-4bac-89e0-37d88e19bdc4,contactless,London,restaurant,EC1A1BB,True,56.73,GBP,GBR,Flat Iron Soho,,56.73,f26ae5e1-519b-45ca-93f9-11b50c50e21d,284,5811,,Flat Iron Soho,41317
8066e1d0-4792-4f5d-bfbb-e8fc59698450,settled,2025-11-27 00:03:22,GBP,7371ff80-861c-4b1c-b81a-c7c7cfb23663,chip_and_pin,London,restaurant,EC1A1BB,False,15.96,GBP,GBR,GOPUFF*DELIVERY,,15.96,dc6fc45e-5eb0-413b-b418-aeef67c8e83f,80,5411,GOOGLE_PAY,GOPUFF*DELIVERY,35169
a34153f8-e1ea-458b-95d2-ab0e0fb76157,settled,2025-01-03 16:43:18,GBP,ac17b197-9743-49e3-9cb3-82058413b460,online,London,restaurant,EC1A1BB,False,79.87,GBP,GBR,FRIVE,,79.87,b7b9f418-63d5-4bc5-bee9-f925f8f2b803,399,5811,GOOGLE_PAY,FRIVE,90087
3642ba63-b32b-4901-bc55-c3ca40ef18a6,settled,2025-08-12 02:50:19,GBP,3de3bc75-2740-48f4-b3d4-b98b6b3e5866,chip_and_pin,London,restaurant,EC1A1BB,True,78.64,GBP,GBR,Flat Iron Soho,,78.64,f26ae5e1-519b-45ca-93f9-11b50c50e21d,393,5811,APPLE_PAY,Flat Iron Soho,66462
56682c9f-03d3-4dcd-a618-2a34d1083efd,settled,2025-11-08 03:02:59,GBP,8eed96d6-1ec0-40d5-aaca-a75d4cfc4b47,online,London,restaurant,EC1A1BB,False,104.56,GBP,GBR,THE FRIVE,,104.56,dc6fc45e-5eb0-413b-b418-aeef67c8e83f,523,5811,GOOGLE_PAY,THE FRIVE,13716
f685dac1-fd23-4575-a844-adbce6402d0e,declined,2025-05-06 23:45:49,GBP,41d84dbd-8023-4127-b4ef-841c6b61790e,chip_and_pin,London,restaurant,EC1A1BB,False,30.48,GBP,GBR,FRIVE LTD,,30.48,d889683c-0b36-4e3a-bad5-2c7da4cdf851,0,5811,GOOGLE_PAY,FRIVE LTD,45939
ec057704-aabd-437a-bb92-22d0238b0e0b,settled,2025-11-09 02:18:53,GBP,70daf78f-5a01-4f99-b2ab-938346c050d9,contactless,London,restaurant,EC1A1BB,True,16.99,GBP,GBR,THE FRIVE,,16.99,82819130-a6a0-4816-9f0d-8c5f37829f3d,85,5811,GOOGLE_PAY,THE FRIVE,54908
114f0ebb-3c9f-4908-8a9f-cd96d6296fe2,settled,2025-11-05 14:12:01,GBP,97febd28-b931-4d41-91a4-eb0d4c51f94d,online,London,restaurant,EC1A1BB,True,22.0,GBP,GBR,GOPUFF*DELIVERY,,22.0,b7b9f418-63d5-4bc5-bee9-f925f8f2b803,110,5411,APPLE_PAY,GOPUFF*DELIVERY,37722
f42057ad-4b87-4579-ab18-aaaf1caa4022,settled,2025-07-26 04:31:06,GBP,9633b5f0-61b1-4e50-b2b6-d6cb7866d61f,contactless,London,restaurant,EC1A1BB,True,79.99,GBP,GBR,The Breakfast Club,,79.99,e52c4efa-d593-46da-892e-3708e27a0de3,400,5811,,The Breakfast Club,38581
9c22b2cc-c8b3-41b6-810d-6d88b60500c6,settled,2025-04-22 14:39:39,EUR,cab09412-00a8-447a-9507-4829062ab0f0,chip_and_pin,London,restaurant,EC1A1BB,False,22.26,EUR,GBR,GOPUFF*DELIVERY,1.01,22.26,1c2f7862-ba10-4494-88cf-afd94f79b6f1,111,5411,APPLE_PAY,GOPUFF*DELIVERY,61238
3220db51-dbe2-411b-af35-2873f671a9d9,settled,2025-04-07 12:05:31,GBP,34339a1f-1de1-4481-9518-791c4f30ed19,chip_and_pin,London,restaurant,EC1A1BB,True,30.65,GBP,GBR,GOPUFF,,30.65,ed6d8a85-0e1a-4be0-a1d4-3b6bc96ddef6,153,5411,,GOPUFF,95998
39f8cea4-c86d-487f-b6cd-b524d4a6b1c9,settled,2025-01-27 22:55:51,GBP,2043018d-3c85-472b-8db2-b04863001c07,contactless,London,restaurant,EC1A1BB,False,43.87,GBP,GBR,FRIVE LTD,,43.87,1fb2fb40-409b-415d-9ae5-2bf40f8c474b,219,5811,APPLE_PAY,FRIVE LTD,19762
f3af3316-51c1-4a74-ba54-86745c9874c7,settled,2025-02-25 05:41:57,GBP,43eb47fa-eae6-4382-8690-c86c1842ed64,contactless,London,restaurant,EC1A1BB,False,62.19,GBP,GBR,Franco Manca,,62.19,2ffc62a1-1512-4569-a031-757068b99f4d,311,5811,APPLE_PAY,Franco Manca,49736
37978c87-c9ea-44e9-a9bd-90e016a508d1,settled,2025-06-03 07:37:50,GBP,4ff93f9d-7496-48b6-ba7e-056bea077bd9,contactless,London,restaurant,EC1A1BB,False,39.45,GBP,GBR,Gopuff,,39.45,fb8a8020-15c9-4dd0-b850-d47e8367fdf8,197,5411,APPLE_PAY,Gopuff,39655
360bdc39-dc29-43e7-90fc-e4367e5e27ea,settled,2025-02-11 09:21:14,GBP,60832aaf-21c3-493f-8261-d084c64d9b29,contactless,London,restaurant,EC1A1BB,False,32.27,GBP,GBR,Gymkhana London,,32.27,ba4ea1a4-1566-49f4-a5ea-5b3bafe4c133,161,5811,APPLE_PAY,Gymkhana London,96667
639f4d0c-dbc8-4e25-aa61-2eef182c4961,declined,2025-04-13 03:46:57,GBP,09ff17bf-24f8-4d9e-a966-2a06cb8431f0,contactless,London,restaurant,EC1A1BB,True,24.22,GBP,GBR,FRIVE LTD,,24.22,c251d7c3-4e08-4493-b514-38640022f239,0,5811,,FRIVE LTD,18133
b5a2ed50-109d-4179-9101-7fd628d6ee48,settled,2025-01-26 03:58:16,GBP,4718246b-cfa7-43ee-af48-603f08224514,contactless,London,restaurant,EC1A1BB,False,103.93,GBP,GBR,frive,,103.93,53389114-0b1a-4a9e-a9ef-fb2a0bc47df2,520,5811,APPLE_PAY,frive,42983
a4ba8eab-23c0-4540-a4f5-5eb500285a6b,declined,2025-05-24 21:08:45,GBP,2cff419b-bda1-45d6-9957-3a8da06bceaf,contactless,London,restaurant,EC1A1BB,True,97.88,GBP,GBR,FRIVE,,97.88,9119c8ee-2828-4148-8dd2-e09eee42ee67,0,5811,GOOGLE_PAY,FRIVE,95014
12418b1b-676d-451b-b107-aad6c4980bdb,settled,2025-03-17 07:33:08,GBP,f8483b41-cdca-4aaa-b2dc-8d869d3bd6fc,contactless,London,restaurant,EC1A1BB,True,96.05,GBP,GBR,FRIVE LTD,,96.05,dc6fc45e-5eb0-413b-b418-aeef67c8e83f,480,5811,GOOGLE_PAY,FRIVE LTD,23055
23f506bf-259a-4cb8-aa78-aaa7217ce74a,settled,2025-09-15 17:32:01,GBP,8397cd2f-8314-4b24-aafc-454638b79cdb,chip_and_pin,London,restaurant,EC1A1BB,False,23.9,GBP,GBR,Gopuff,,23.9,d889683c-0b36-4e3a-bad5-2c7da4cdf851,120,5411,,Gopuff,22285
e0a5dc7c-39be-4677-a8fc-0a89520c4faa,settled,2025-06-07 04:00:54,GBP,5bbbcd48-448e-4316-929c-6f81f5185823,online,London,restaurant,EC1A1BB,False,43.09,GBP,GBR,Padella Borough,,43.09,79b4e5a2-a0a3-4366-a683-a830c97e130b,215,5811,GOOGLE_PAY,Padella Borough,71494
cbf58953-30d1-49ce-b0d4-506629534c3b,settled,2025-04-03 20:23:13,GBP,3f5bc034-d16b-4d6e-90bc-e8ea0661b4d8,contactless,London,restaurant,EC1A1BB,True,24.36,GBP,GBR,GOPUFF,,24.36,ae45ec26-bb2e-4aa8-af19-033b46c09b04,122,5411,GOOGLE_PAY,GOPUFF,66604
0c5b8827-61fd-422f-b3b3-b893bcf0fe82,settled,2025-07-23 19:51:58,GBP,4fb9ea9d-dc6e-4a98-8ba3-eec80431e3bb,online,London,restaurant,EC1A1BB,False,63.5,GBP,GBR,frive,,63.5,e52c4efa-d593-46da-892e-3708e27a0de3,318,5811,GOOGLE_PAY,frive,70415
6006846e-8638-4841-811e-9391a6ba23bf,settled,2025-11-01 21:17:36,GBP,f4d77736-5d77-4df2-bcde-3e591bb6352b,contactless,London,restaurant,EC1A1BB,True,35.2,GBP,GBR,Barrafina,,35.2,0ef72607-b006-4d79-a40c-04df2aded4d7,176,5811,GOOGLE_PAY,Barrafina,72255
6f2a0746-b4cd-4210-aaaa-a01037ba04d7,settled,2025-07-07 00:39:18,EUR,a8bad2db-fb83-437a-b013-225f11c66fb7,chip_and_pin,London,restaurant,EC1A1BB,True,74.62,EUR,GBR,FRIVE,1.04,74.62,3eb68c07-b8d9-46ca-aa38-b6c630c44165,373,5811,APPLE_PAY,FRIVE,75404
2a92a097-2d7a-485b-8cc1-d10cc36c6978,declined,2025-09-16 01:08:14,GBP,9355a88f-063c-45b7-9bac-b474bd4dba8e,chip_and_pin,London,restaurant,EC1A1BB,True,70.67,GBP,GBR,The Breakfast Club,,70.67,1fb2fb40-409b-415d-9ae5-2bf40f8c474b,0,5811,GOOGLE_PAY,The Breakfast Club,39738
563184a9-02bf-4cd0-9c6c-b1a30d7e7424,declined,2025-01-07 01:54:06,GBP,cd7aa022-154c-40db-94cd-e49e839d137a,contactless,London,restaurant,EC1A1BB,False,57.69,GBP,GBR,FRIVE,,57.69,1fb2fb40-409b-415d-9ae5-2bf40f8c474b,0,5811,APPLE_PAY,FRIVE,51159
e41859e0-a82e-4401-b2a6-da6e58b9444b,settled,2025-08-15 12:46:39,GBP,98ff1a43-0681-4e4c-8fb4-6e0d8cf309d0,online,London,restaurant,EC1A1BB,False,24.06,GBP,GBR,Barrafina,,24.06,57f7500a-2b65-46ee-b0ae-bf00a8c9ef60,120,5811,APPLE_PAY,Barrafina,77063
5c757370-7035-4954-9b1d-1795831308d5,settled,2025-11-28 09:02:08,GBP,12dca5ed-ebd4-41a0-a27a-0fea8c67f0ab,online,London,restaurant,EC1A1BB,False,78.14,GBP,GBR,Hoppers Soho,,78.14,0ef72607-b006-4d79-a40c-04df2aded4d7,391,5811,GOOGLE_PAY,Hoppers Soho,39659
3dc71084-24d1-4b15-9c72-8cb13c456937,settled,2025-10-21 12:29:46,GBP,5f4a9fa5-81f1-4f04-8902-df242f65198c,contactless,London,restaurant,EC1A1BB,True,47.6,GBP,GBR,frive,,47.6,ed6d8a85-0e1a-4be0-a1d4-3b6bc96ddef6,238,5811,GOOGLE_PAY,frive,10020
f6392e5f-6e2b-4422-a380-2ea0d367bf8e,settled,2025-03-02 02:56:32,GBP,62082112-02ba-4007-8978-8143dfd5f399,chip_and_pin,London,restaurant,EC1A1BB,True,53.02,GBP,GBR,Honest Burgers,,53.02,1fb2fb40-409b-415d-9ae5-2bf40f8c474b,265,5811,APPLE_PAY,Honest Burgers,45899
61752d02-2833-45ea-ae8a-2acb11c23e66,declined,2025-06-11 13:38:40,GBP,e7e2f1e3-3210-44f6-b4e0-545a388b91d8,online,London,restaurant,EC1A1BB,True,54.44,GBP,GBR,Pizza Pilgrims,,54.44,0c796ddd-8cd1-4192-a4ad-fd023d51f23c,0,5811,APPLE_PAY,Pizza Pilgrims,20515
136e207b-df48-4f9d-a328-0cf14e3505f2,declined,2025-08-16 10:04:57,EUR,6824e70e-8a4c-48a6-881e-ed39e62b0cf7,online,London,restaurant,EC1A1BB,True,60.3,EUR,GBR,Hoppers Soho,1.18,60.3,33cc06a2-97db-4b07-abcf-190031db941b,0,5811,,Hoppers Soho,16762
33ecf527-b8f2-4d47-9276-ff3166fa94b9,settled,2025-06-19 03:53:37,GBP,c4c0aa64-a3fc-4f8a-982d-569dcd1db683,online,London,restaurant,EC1A1BB,True,17.15,GBP,GBR,Bao Soho,,17.15,ae45ec26-bb2e-4aa8-af19-033b46c09b04,86,5811,APPLE_PAY,Bao Soho,79387
dfade3b0-37a7-4e25-94c0-bb43a7e198df,settled,2025-05-27 08:28:16,GBP,5facd36c-fb8c-40b6-878a-2c912e4b3201,chip_and_pin,London,restaurant,EC1A1BB,False,70.39,GBP,GBR,THE FRIVE,,70.39,ba4ea1a4-1566-49f4-a5ea-5b3bafe4c133,352,5811,,THE FRIVE,78406
dda855d1-7103-4b21-af08-d051e52444f5,settled,2025-08-05 19:49:38,GBP,34f50fff-6d36-4021-ad97-0b3770c9b121,chip_and_pin,London,restaurant,EC1A1BB,True,53.63,GBP,GBR,Bao Soho,,53.63,57f7500a-2b65-46ee-b0ae-bf00a8c9ef60,268,5811,GOOGLE_PAY,Bao Soho,64007
18a1fd34-8527-4c00-aeb0-1abc3cd818e6,settled,2025-05-23 05:51:59,GBP,38e6392f-2546-43ec-af88-a5546055e4d9,chip_and_pin,London,restaurant,EC1A1BB,False,81.6,GBP,GBR,FRIVE,,81.6,e588da33-cc15-4aaf-9a21-2a9b98afd8e7,408,5811,APPLE_PAY,FRIVE,11259
0c2f4033-7b16-49a4-af91-36f162fc2e31,settled,2025-06-22 18:44:23,GBP,4406deb8-afbb-4cdc-ba83-7e3ec627b753,online,London,restaurant,EC1A1BB,True,76.95,GBP,GBR,Barrafina,,76.95,0f243601-5521-45d7-b9cd-d26c266b6e3c,385,5811,APPLE_PAY,Barrafina,37151
a1459ae5-b54e-4903-9088-0f9daa8ff945,settled,2025-07-30 16:51:49,GBP,2dc74c93-e2f0-4a65-8df1-2be7bd5c7c1b,online,London,restaurant,EC1A1BB,False,100.51,GBP,GBR,frive,,100.51,fb8a8020-15c9-4dd0-b850-d47e8367fdf8,503,5811,GOOGLE_PAY,frive,57829
0435353a-b5aa-4955-8f17-86db6c2f18aa,settled,2025-02-19 12:58:55,GBP,37d6b040-3231-40eb-9246-b6f00fc4ca16,chip_and_pin,London,restaurant,EC1A1BB,True,14.6,GBP,GBR,Flat Iron Soho,,14.6,82819130-a6a0-4816-9f0d-8c5f37829f3d,73,5811,GOOGLE_PAY,Flat Iron Soho,71547
e67d0cd6-ffb1-4c84-ab57-377e3b67e90b,settled,2025-08-15 03:55:16,GBP,bce44a00-6c74-4fbe-8a6f-5f19db7fdd27,chip_and_pin,London,restaurant,EC1A1BB,True,37.19,GBP,GBR,Gymkhana London,,37.19,5d1937ae-6f42-45dd-a708-a3d8b2ef1089,186,5811,GOOGLE_PAY,Gymkhana London,98663
731ef4bf-134e-4b5e-9c41-b04889526e5d,settled,2025-09-20 12:25:48,GBP,5f42eba0-31f6-42ea-824d-e2ab812e3b85,contactless,London,restaurant,EC1A1BB,True,67.97,GBP,GBR,Barrafina,,67.97,1c2f7862-ba10-4494-88cf-afd94f79b6f1,340,5811,,Barrafina,58393
0f1a74ec-d85e-47a0-b3b2-0a19e12f8add,settled,2025-10-25 13:25:11,GBP,e4f41de2-4603-4671-9269-9d386ed6cf75,chip_and_pin,London,restaurant,EC1A1BB,True,30.52,GBP,GBR,Frive,,30.52,ba4ea1a4-1566-49f4-a5ea-5b3bafe4c133,153,5811,,Frive,35993
6723c8bc-476b-4a13-ad46-c0071a77536d,settled,2025-12-15 09:25:57,GBP,6ec83fed-ab6d-404c-848a-c12dff8d7ab1,contactless,London,restaurant,EC1A1BB,True,31.89,GBP,GBR,Franco Manca,,31.89,37e2cb0e-01f6-45db-914c-6d8863a92600,159,5811,APPLE_PAY,Franco Manca,10515
78765289-5ebf-45ce-b52e-adb558152041,settled,2025-03-09 09:56:35,USD,b1fb1ac4-4f39-463d-b80a-3c46201a314d,contactless,London,restaurant,EC1A1BB,False,16.84,USD,GBR,frive,0.77,16.84,82819130-a6a0-4816-9f0d-8c5f37829f3d,84,5811,GOOGLE_PAY,frive,51963
02be4c2e-c566-4673-91b0-7988478479c8,settled,2025-04-24 07:29:18,GBP,ce1469e1-4fa8-4922-bc5e-972385da3cb9,contactless,London,restaurant,EC1A1BB,True,16.01,GBP,GBR,Gymkhana London,,16.01,fb8a8020-15c9-4dd0-b850-d47e8367fdf8,80,5811,APPLE_PAY,Gymkhana London,44465
a736c892-9503-4389-be7a-8a8098f172ae,settled,2025-02-21 04:08:20,USD,bc2d4dbf-18bb-49bb-88b3-e0af5f12f439,online,London,restaurant,EC1A1BB,False,47.9,USD,GBR,Franco Manca,1.08,47.9,7831baba-3a1e-43e5-8fe8-f6091ae067c8,240,5811,,Franco Manca,48685
46ce6421-bf8e-405b-bdfd-54f00560121a,settled,2025-10-06 11:01:22,GBP,b8dfacc1-74e9-4c90-9c25-659dfda2bc60,chip_and_pin,London,restaurant,EC1A1BB,False,91.19,GBP,GBR,FRIVE,,91.19,37e2cb0e-01f6-45db-914c-6d8863a92600,456,5811,APPLE_PAY,FRIVE,71398
53c61888-22ea-4c1b-b32d-4bfc325dbff6,settled,2025-11-04 07:10:08,GBP,df185b57-1f97-4573-b37f-5fc0c3dc1f6c,contactless,London,restaurant,EC1A1BB,True,27.6,GBP,GBR,Go Puff,,27.6,33cc06a2-97db-4b07-abcf-190031db941b,138,5411,,Go Puff,93094
efad07a6-95e2-4578-8473-9e0aca1beb39,settled,2025-06-27 14:28:50,GBP,df3a0562-e023-469f-ad32-7a4d10eb4ed9,contactless,London,restaurant,EC1A1BB,True,50.92,GBP,GBR,Franco Manca,,50.92,82819130-a6a0-4816-9f0d-8c5f37829f3d,255,5811,,Franco Manca,77212
3a845588-d426-4c29-91ac-bded19ebc422,settled,2025-04-23 22:30:24,EUR,d56f294b-9f2a-4735-8493-abfb55b8ccd8,contactless,London,restaurant,EC1A1BB,False,26.04,EUR,GBR,Hoppers Soho,0.77,26.04,57f7500a-2b65-46ee-b0ae-bf00a8c9ef60,130,5811,APPLE_PAY,Hoppers Soho,54418
298c2041-3f54-430d-968f-71c4d93530ec,settled,2025-11-18 04:07:08,GBP,83e5592d-cf1d-45b4-8844-eb0db4f9cb89,online,London,restaurant,EC1A1BB,True,40.95,GBP,GBR,Bao Soho,,40.95,4c5d30c1-c7d7-4291-80af-82e80f68f70e,205,5811,,Bao Soho,48464
9f1a8410-3391-4988-9271-5fcb47366ead,settled,2025-01-20 01:24:57,GBP,7058cbd8-c2d6-4afa-b7ec-e7d6c8910ed0,chip_and_pin,London,restaurant,EC1A1BB,False,23.47,GBP,GBR,GOPUFF,,23.47,ed6d8a85-0e1a-4be0-a1d4-3b6bc96ddef6,117,5411,,GOPUFF,99885
fdaa7db5-fedd-4ef3-8f0b-cf6b9777ffe4,settled,2025-10-06 04:36:26,GBP,33667d70-9dd5-41b9-ab47-6cb5ce9f18f8,online,London,restaurant,EC1A1BB,True,60.1,GBP,GBR,Flat Iron Soho,,60.1,0f243601-5521-45d7-b9cd-d26c266b6e3c,300,5811,APPLE_PAY,Flat Iron Soho,68933
2aa3d916-a8d5-46e9-9669-1b5484d20e96,settled,2025-05-04 14:13:00,GBP,e09831d0-a679-4997-bd77-29bcaee02d3f,online,London,restaurant,EC1A1BB,True,88.18,GBP,GBR,FRIVE LTD,,88.18,ba4ea1a4-1566-49f4-a5ea-5b3bafe4c133,441,5811,,FRIVE LTD,23755
4e9ae147-7d05-4f11-a249-0880fbbdf28f,declined,2025-10-26 16:58:51,USD,735141a4-9469-4907-87ab-6b322b3067db,chip_and_pin,London,restaurant,EC1A1BB,True,27.64,USD,GBR,Frive,0.73,27.64,5d1937ae-6f42-45dd-a708-a3d8b2ef1089,0,5811,,Frive,49318
150ee696-aa64-4d1e-9078-aea210702126,settled,2025-09-13 09:31:26,GBP,4d92a283-09e3-4238-9f11-bf7ad357f352,chip_and_pin,London,restaurant,EC1A1BB,True,43.93,GBP,GBR,Gymkhana London,,43.93,b7b9f418-63d5-4bc5-bee9-f925f8f2b803,220,5811,APPLE_PAY,Gymkhana London,14179
0eed60c4-87d8-46e6-b39b-b9136e6d998e,settled,2025-04-22 20:38:03,GBP,c6070974-80a9-4019-85a0-095f1e9921ff,online,London,restaurant,EC1A1BB,True,33.01,GBP,GBR,Gopuff,,33.01,ae45ec26-bb2e-4aa8-af19-033b46c09b04,165,5411,,Gopuff,41412
b5799af0-c88c-438d-8d36-121063d5ca2c,declined,2025-03-09 10:50:40,GBP,a605b60c-22fd-4462-b33e-497c3ca2b5f4,contactless,London,restaurant,EC1A1BB,True,38.46,GBP,GBR,Gymkhana London,,38.46,d889683c-0b36-4e3a-bad5-2c7da4cdf851,0,5811,,Gymkhana London,44022
8e6e15e6-da80-4b4c-8197-814eb161b60f,settled,2025-10-15 15:24:15,GBP,318293a4-f639-4fdd-8a30-22494c187259,online,London,restaurant,EC1A1BB,True,81.82,GBP,GBR,Padella Borough,,81.82,dc6fc45e-5eb0-413b-b418-aeef67c8e83f,409,5811,GOOGLE_PAY,Padella Borough,26991
41ee3a80-ada1-4c7a-87ec-590097c5c284,settled,2025-10-18 21:10:15,GBP,8237a33d-dba4-408b-b79d-b7eee01bd605,chip_and_pin,London,restaurant,EC1A1BB,True,36.74,GBP,GBR,Franco Manca,,36.74,57f7500a-2b65-46ee-b0ae-bf00a8c9ef60,184,5811,GOOGLE_PAY,Franco Manca,90656
44fb92b6-c9ad-43fa-9a5a-2492039ff9cb,settled,2025-05-05 18:09:40,GBP,7d762f1a-e537-43ce-9f67-eff1362842df,contactless,London,restaurant,EC1A1BB,False,79.85,GBP,GBR,Frive,,79.85,ed6d8a85-0e1a-4be0-a1d4-3b6bc96ddef6,399,5811,APPLE_PAY,Frive,11365
9bed37d2-3f1b-4f44-9ed3-870dbcdee556,settled,2025-11-02 19:37:38,GBP,7a2d280e-efef-4345-96b1-88abb8fb5698,online,London,restaurant,EC1A1BB,False,43.08,GBP,GBR,Gopuff,,43.08,1c2f7862-ba10-4494-88cf-afd94f79b6f1,215,5411,GOOGLE_PAY,Gopuff,59106
edd2914f-7427-42c2-9237-5b65774b19eb,settled,2025-08-28 22:35:20,GBP,24b9402b-eed1-44ae-b664-8b3189f0418f,contactless,London,restaurant,EC1A1BB,True,12.92,GBP,GBR,Padella Borough,,12.92,9119c8ee-2828-4148-8dd2-e09eee42ee67,65,5811,,Padella Borough,32468
5a88b198-d1b9-4c35-9d2d-044504f05c44,settled,2025-10-21 03:37:02,GBP,a31919bf-40f7-4973-be88-e6ce50f167c7,chip_and_pin,London,restaurant,EC1A1BB,False,35.79,GBP,GBR,Barrafina,,35.79,0c796ddd-8cd1-4192-a4ad-fd023d51f23c,179,5811,APPLE_PAY,Barrafina,97932
70fe43e6-1cbc-467a-bee1-e3345bf17edd,settled,2025-11-15 16:38:24,USD,8202893d-4cdf-4957-848b-09415d71e291,online,London,restaurant,EC1A1BB,False,76.16,USD,GBR,Gymkhana London,1.1,76.16,e52c4efa-d593-46da-892e-3708e27a0de3,381,5811,,Gymkhana London,71632
33050d7f-b6fe-4482-94f8-cb8cf98f2c1a,settled,2025-11-01 01:14:13,GBP,8cc1779f-ccc8-4f7b-ba9b-fc3ec8ba4cfc,online,London,restaurant,EC1A1BB,True,65.25,GBP,GBR,Padella Borough,,65.25,5d1937ae-6f42-45dd-a708-a3d8b2ef1089,326,5811,APPLE_PAY,Padella Borough,13351
2d42b7ad-fd87-47ef-b51f-ff8b259a0dcf,settled,2025-03-30 04:40:43,GBP,e3f4faf0-cf65-45b6-b6dc-d4fcd0f54e5f,online,London,restaurant,EC1A1BB,False,62.3,GBP,GBR,FRIVE,,62.3,9119c8ee-2828-4148-8dd2-e09eee42ee67,312,5811,,FRIVE,72475
bd8e6a9a-261c-41a4-9026-330c83daa3cd,declined,2025-05-27 20:15:38,GBP,5168ec2f-4c05-4e5b-8a65-db7266863510,chip_and_pin,London,restaurant,EC1A1BB,False,46.34,GBP,GBR,Hoppers Soho,,46.34,53389114-0b1a-4a9e-a9ef-fb2a0bc47df2,0,5811,GOOGLE_PAY,Hoppers Soho,85139
1ed23d0d-8588-402a-83a4-950771ac1132,settled,2025-12-22 04:06:30,GBP,a04752e8-8c2b-4317-a800-44450adabe19,contactless,London,restaurant,EC1A1BB,True,17.0,GBP,GBR,Franco Manca,,17.0,79b4e5a2-a0a3-4366-a683-a830c97e130b,85,5811,,Franco Manca,37318
004baac2-a145-4a63-92d1-feefe72a9cbf,settled,2025-05-21 17:27:38,GBP,0f5c7258-1f17-4c9f-b905-4c802b862963,online,London,restaurant,EC1A1BB,True,77.21,GBP,GBR,FRIVE,,77.21,2ffc62a1-1512-4569-a031-757068b99f4d,386,5811,,FRIVE,27169
0c246599-0f34-4794-bb00-9c857bf9da73,settled,2025-06-16 17:31:26,GBP,79abae85-dad1-43b9-9936-6094492ae982,chip_and_pin,London,restaurant,EC1A1BB,True,69.59,GBP,GBR,Franco Manca,,69.59,b7b9f418-63d5-4bc5-bee9-f925f8f2b803,348,5811,,Franco Manca,38705
f551bb9a-0e09-429c-a2df-8a35f989cdad,settled,2025-05-23 10:07:21,USD,3005b8d6-abb6-46dd-8a6f-9fbd21ff6029,chip_and_pin,London,restaurant,EC1A1BB,True,39.78,USD,GBR,Pizza Pilgrims,0.86,39.78,dc6fc45e-5eb0-413b-b418-aeef67c8e83f,199,5811,GOOGLE_PAY,Pizza Pilgrims,74392
c1eabb56-b75a-49bf-8e8c-c8c03d5308dd,settled,2025-08-01 09:10:48,GBP,1f11bda2-c079-4cf8-a17e-864c1712ade5,contactless,London,restaurant,EC1A1BB,True,56.16,GBP,GBR,Pizza Pilgrims,,56.16,1c2f7862-ba10-4494-88cf-afd94f79b6f1,281,5811,APPLE_PAY,Pizza Pilgrims,95100
563680f0-3f01-42ee-a878-dab8f83b9f26,settled,2025-08-03 03:19:02,GBP,d35c8d00-8209-476a-b006-01beca5f1bcf,chip_and_pin,London,restaurant,EC1A1BB,True,15.9,GBP,GBR,Gymkhana London,,15.9,dc6fc45e-5eb0-413b-b418-aeef67c8e83f,80,5811,,Gymkhana London,76951
dad94d40-0194-4bc9-8d92-0b94d7194b77,settled,2025-06-29 13:54:34,GBP,c4b4aa9f-a0ef-4d27-b36d-dad9314f91ab,chip_and_pin,London,restaurant,EC1A1BB,False,30.24,GBP,GBR,GOPUFF,,30.24,ae45ec26-bb2e-4aa8-af19-033b46c09b04,151,5411,,GOPUFF,89187
0e1cbfbf-3843-4351-98e3-415ee50d8471,settled,2025-04-18 04:37:10,GBP,4721cfae-668b-4bad-b0c5-79f1aa0be8e5,contactless,London,restaurant,EC1A1BB,True,15.95,GBP,GBR,Honest Burgers,,15.95,82819130-a6a0-4816-9f0d-8c5f37829f3d,80,5811,,Honest Burgers,80590
8368d18c-a84d-48c4-a24e-16bdcc3d7aad,settled,2025-04-10 06:34:11,GBP,406243c9-4f7c-4a5b-a719-9a88069d308b,contactless,London,restaurant,EC1A1BB,False,41.17,GBP,GBR,GOPUFF,,41.17,82819130-a6a0-4816-9f0d-8c5f37829f3d,206,5411,,GOPUFF,87879
9953142d-9b38-4d4d-98ee-e5dded62860b,settled,2025-10-03 23:02:27,EUR,7e814b3f-40f4-433f-8a1d-5395aca56c0e,chip_and_pin,London,restaurant,EC1A1BB,False,102.88,EUR,GBR,FRIVE LTD,1.13,102.88,57f7500a-2b65-46ee-b0ae-bf00a8c9ef60,514,5811,APPLE_PAY,FRIVE LTD,28626
894b5544-8c03-437b-ad9d-a1e96bdeb47b,settled,2025-05-05 06:00:12,GBP,e268aba9-d044-4777-aaa7-4d8293b1c1c8,contactless,London,restaurant,EC1A1BB,True,109.77,GBP,GBR,frive,,109.77,5d1937ae-6f42-45dd-a708-a3d8b2ef1089,549,5811,APPLE_PAY,frive,31132
c32b5cbe-97ac-4f73-923b-d920c49d2cc2,settled,2025-12-04 14:15:23,GBP,42505732-5cff-4e7a-b957-8cdc019a1e45,contactless,London,restaurant,EC1A1BB,True,43.8,GBP,GBR,FRIVE LTD,,43.8,fb8a8020-15c9-4dd0-b850-d47e8367fdf8,219,5811,APPLE_PAY,FRIVE LTD,87297
bf69a68c-1a7f-4028-a6d1-dcc76a55b8a5,settled,2025-05-03 15:22:34,GBP,a418cbde-7e34-48e0-aed7-cc27a031f5d6,online,London,restaurant,EC1A1BB,False,38.6,GBP,GBR,Go Puff,,38.6,79b4e5a2-a0a3-4366-a683-a830c97e130b,193,5411,GOOGLE_PAY,Go Puff,77962
c3aa4a32-c001-4726-9e43-37f6152d7471,settled,2025-03-18 21:04:40,GBP,3a51ec71-6459-4a2c-b59c-ea2f2d3300c4,online,London,restaurant,EC1A1BB,True,14.32,GBP,GBR,GOPUFF,,14.32,0f243601-5521-45d7-b9cd-d26c266b6e3c,72,5411,APPLE_PAY,GOPUFF,56411
bfb7ef63-84d0-4195-bfc6-8120f425d3cd,settled,2025-10-13 01:51:10,GBP,5b37f1f2-1ea8-400d-8359-6463a4d7a1f1,contactless,London,restaurant,EC1A1BB,True,76.32,GBP,GBR,FRIVE LTD,,76.32,fb8a8020-15c9-4dd0-b850-d47e8367fdf8,382,5811,,FRIVE LTD,72495
11777e57-c6a8-4a53-8a8b-da00c8a610fd,settled,2025-05-18 15:55:16,GBP,3ee1c093-0edb-4e0d-95a6-9e2991d7e223,chip_and_pin,London,restaurant,EC1A1BB,True,81.5,GBP,GBR,The Breakfast Club,,81.5,e588da33-cc15-4aaf-9a21-2a9b98afd8e7,408,5811,,The Breakfast Club,99980
9e75ec9b-4d8f-41cf-9a91-f996b55a4ea9,settled,2025-02-26 10:26:53,GBP,1c9423fe-98f2-4dc8-a8ec-fe06a7f267fd,chip_and_pin,London,restaurant,EC1A1BB,False,55.07,GBP,GBR,Gymkhana London,,55.07,f26ae5e1-519b-45ca-93f9-11b50c50e21d,275,5811,APPLE_PAY,Gymkhana London,95314
6ad777f4-a617-46ee-babd-aa1d2d266ed9,settled,2025-03-12 20:12:28,GBP,a5183c60-56ba-4f5a-a664-c41f0568ce8f,online,London,restaurant,EC1A1BB,True,73.56,GBP,GBR,FRIVE,,73.56,53389114-0b1a-4a9e-a9ef-fb2a0bc47df2,368,5811,GOOGLE_PAY,FRIVE,55854
bb5d931c-66b5-43d0-bdba-16e45de796ee,settled,2025-08-02 04:57:49,GBP,1999c96d-b1cb-45ff-a200-dd15647aa06c,online,London,restaurant,EC1A1BB,True,20.49,GBP,GBR,Honest Burgers,,20.49,2ffc62a1-1512-4569-a031-757068b99f4d,102,5811,,Honest Burgers,58560
85115b7d-c68f-4a83-9211-8da186e3d667,declined,2025-11-07 16:40:50,GBP,736b01d5-0f14-4534-8679-efad57e037e7,contactless,London,restaurant,EC1A1BB,False,16.14,GBP,GBR,THE FRIVE,,16.14,d889683c-0b36-4e3a-bad5-2c7da4cdf851,0,5811,GOOGLE_PAY,THE FRIVE,12851
d1206c83-a7d4-43b8-8f90-9fa9fd3ac3a0,settled,2025-01-30 09:46:58,GBP,a0f64264-199a-43b1-bae8-9aa3a6696455,contactless,London,restaurant,EC1A1BB,True,28.95,GBP,GBR,frive,,28.95,57f7500a-2b65-46ee-b0ae-bf00a8c9ef60,145,5811,GOOGLE_PAY,frive,28863
924869c2-e2e8-45cd-b224-40ef78123e12,settled,2025-08-02 22:42:18,GBP,231069de-987e-451e-9d03-35d5d51ccbe3,online,London,restaurant,EC1A1BB,False,22.36,GBP,GBR,GOPUFF,,22.36,2ffc62a1-1512-4569-a031-757068b99f4d,112,5411,,GOPUFF,22211
f84f4e59-4671-4b67-a880-555b526d470d,settled,2025-09-02 11:59:13,GBP,fe969949-d69a-47d3-bf34-8c9261dff430,contactless,London,restaurant,EC1A1BB,True,44.07,GBP,GBR,GOPUFF,,44.07,ba4ea1a4-1566-49f4-a5ea-5b3bafe4c133,220,5411,APPLE_PAY,GOPUFF,52966
f2094c3a-f71f-48f8-8fec-e1ed55dfda37,settled,2025-10-03 01:42:51,GBP,2ea7c3f8-e36b-4765-a640-9b6bcfa4dc82,online,London,restaurant,EC1A1BB,True,9.28,GBP,GBR,GOPUFF,,9.28,4c5d30c1-c7d7-4291-80af-82e80f68f70e,46,5411,APPLE_PAY,GOPUFF,66945
718d25d0-deeb-4ed0-989e-7323fa7bffc9,declined,2025-05-07 07:57:14,USD,49da1d89-389a-409e-a76c-65e7e95b372a,online,London,restaurant,EC1A1BB,True,37.1,USD,GBR,FRIVE LTD,0.78,37.1,d889683c-0b36-4e3a-bad5-2c7da4cdf851,0,5811,APPLE_PAY,FRIVE LTD,68396
7d7d862c-f963-4ea6-a7b6-c4f801c1c33c,declined,2025-07-25 21:56:16,GBP,8c91a4fe-4d21-40cf-b276-c6d825380b3c,contactless,London,restaurant,EC1A1BB,False,26.89,GBP,GBR,Go Puff,,26.89,1fb2fb40-409b-415d-9ae5-2bf40f8c474b,0,5411,GOOGLE_PAY,Go Puff,96532
ba1bc464-720d-4db2-8daf-25f87809ae99,settled,2025-06-03 18:20:44,GBP,e3df37ac-e433-4780-b25f-c98e47740ec5,chip_and_pin,London,restaurant,EC1A1BB,True,49.71,GBP,GBR,Franco Manca,,49.71,e588da33-cc15-4aaf-9a21-2a9b98afd8e7,249,5811,APPLE_PAY,Franco Manca,75576
b3596a1e-f4f7-4d61-8c87-a13a9de6b53b,settled,2025-11-08 11:44:54,GBP,c7b56bda-38bc-4488-b4ab-69bf1d3f14ab,chip_and_pin,London,restaurant,EC1A1BB,False,73.65,GBP,GBR,Dishoom Shoreditch,,73.65,ae45ec26-bb2e-4aa8-af19-033b46c09b04,368,5811,APPLE_PAY,Dishoom Shoreditch,96860
b5b0342d-5d68-43b8-9d2f-9df0cb0e5e27,declined,2025-06-08 18:09:18,GBP,5917e16c-08ba-4c9f-b451-8328d8cfe633,chip_and_pin,London,restaurant,EC1A1BB,True,23.77,GBP,GBR,Hoppers Soho,,23.77,ed6d8a85-0e1a-4be0-a1d4-3b6bc96ddef6,0,5811,APPLE_PAY,Hoppers Soho,86007
bdb6e242-48dd-4201-b364-017726867514,settled,2025-09-25 04:42:44,GBP,be1b2dc5-6021-4e63-8952-f3762d81633b,online,London,restaurant,EC1A1BB,False,70.48,GBP,GBR,Bao Soho,,70.48,ed6d8a85-0e1a-4be0-a1d4-3b6bc96ddef6,352,5811,,Bao Soho,20875
ca75105e-7b17-4d56-8f19-723de9ec044c,settled,2025-07-11 02:08:55,EUR,aa6bd0d7-e7ce-4524-8757-a5628b08c4c3,contactless,London,restaurant,EC1A1BB,True,35.44,EUR,GBR,Go Puff,1.05,35.44,ae45ec26-bb2e-4aa8-af19-033b46c09b04,177,5411,APPLE_PAY,Go Puff,23487
5fd10527-24d9-4d67-830b-505365d2ff67,settled,2025-05-27 04:44:46,GBP,6f785651-d837-4a51-b2e2-bcbe92c0eae7,online,London,restaurant,EC1A1BB,False,44.25,GBP,GBR,The Breakfast Club,,44.25,3eb68c07-b8d9-46ca-aa38-b6c630c44165,221,5811,,The Breakfast Club,22789
a630cb8f-793a-432f-b75f-80e7850cc51d,settled,2025-01-14 20:36:58,GBP,ef44952a-d281-4a3f-9725-ddb7b4f5c046,chip_and_pin,London,restaurant,EC1A1BB,False,59.77,GBP,GBR,Flat Iron Soho,,59.77,0f243601-5521-45d7-b9cd-d26c266b6e3c,299,5811,,Flat Iron Soho,84941
dc128b3a-6a0d-497f-8ef5-c6baaa27e38b,settled,2025-09-27 00:01:26,EUR,632f13ce-ed0e-4de2-90d8-41aa2ab37677,chip_and_pin,London,restaurant,EC1A1BB,True,75.04,EUR,GBR,Barrafina,1.18,75.04,7831baba-3a1e-43e5-8fe8-f6091ae067c8,375,5811,APPLE_PAY,Barrafina,99069
d17c8743-4f39-4a41-9e27-46e53cb0e003,pending,2025-12-10 12:00:00,GBP,a484ce7f-841b-437e-b475-3ee391f5f486,online,LONDON,grocery,EC1A1BB,False,5.91,GBP,GBR,Gopuff,,5.91,115bef29-4323-41b4-a173-accb7d84fa6e,30,5411,GOOGLE_PAY,Gopuff,18771
efa51c82-739f-4ad3-84c9-b5ab45de4344,pending,2025-12-25 12:00:00,GBP,7619a5af-d7f2-4d55-994a-d740ea8fec16,contactless,LONDON,grocery,EC1A1BB,False,11.91,GBP,GBR,GOPUFF,,11.91,0980390a-7112-4d20-a562-5232cdfcf806,60,5411,APPLE_PAY,Gopuff,98676
5e10f2f1-8c40-4656-9d04-a1c3eb9146f3,pending,2025-12-04 12:00:00,GBP,37b80a7b-480e-4426-beb3-e4e80b61334d,contactless,LONDON,grocery,EC1A1BB,False,32.06,GBP,GBR,Go Puff,,32.06,e41c19db-68f3-483f-a248-09a811f24631,160,5411,APPLE_PAY,Gopuff,45276
7ecaf6a0-bc88-470a-b9c9-3cb23ab6dc3e,pending,2025-12-01 12:00:00,GBP,3fa7ecaf-3b4f-43ed-a313-ed493a3d0b28,online,LONDON,grocery,EC1A1BB,False,28.11,GBP,GBR,Gopuff,,28.11,5c4966e2-15e1-43ee-a783-c2c32edae5aa,141,5411,GOOGLE_PAY,Gopuff,72290
06550cfb-1525-4176-9f08-4f0c9cc73f75,pending,2025-12-05 12:00:00,GBP,6aecba35-ffc8-4990-87d0-61b25618e1c5,online,LONDON,grocery,EC1A1BB,False,8.16,GBP,GBR,Gopuff,,8.16,61f11d22-9756-4114-a4ad-24d7ad2de2ca,41,5411,GOOGLE_PAY,Gopuff,46960
47c9c5f2-963c-4abd-bb27-ddfbde391765,pending,2025-12-01 12:00:00,GBP,3ef80397-b208-4c7a-b222-75a4d6197e15,online,LONDON,grocery,EC1A1BB,False,6.15,GBP,GBR,Gopuff,,6.15,d4756ddb-5c98-45e3-a8fb-235f2fb120a2,31,5411,,Gopuff,70162
bd67c23a-2869-4c55-824e-f37a541be50d,pending,2025-12-03 12:00:00,GBP,9b3f009a-2ad8-4c65-9f26-47b14fee379b,contactless,LONDON,grocery,EC1A1BB,False,18.7,GBP,GBR,Gopuff,,18.7,c3efd5fa-81bd-4690-8d58-7cc0fdbae384,94,5411,GOOGLE_PAY,Gopuff,78242
540dacb1-40b3-4f10-aaea-3c8c6ff021e5,pending,2025-12-15 12:00:00,GBP,9a4922ef-780c-463b-b771-78aaa888d9b0,contactless,LONDON,grocery,EC1A1BB,False,26.78,GBP,GBR,Gopuff,,26.78,6ed97709-6b09-4b59-b4e9-dfe053dfb571,134,5411,APPLE_PAY,Gopuff,58679
2db1cb83-dbc9-43b4-93c1-5f246b3dd0c6,pending,2026-01-03 12:00:00,GBP,5b026704-ff0c-41c4-8aa9-36900236e6b0,contactless,LONDON,grocery,EC1A1BB,False,24.47,GBP,GBR,GOPUFF*DELIVERY,,24.47,01c699d4-966b-416d-bb3b-056195554f20,122,5411,,Gopuff,13888
f36c3b94-a3b3-4d2c-ad51-5393dd61c1b1,pending,2026-02-15 14:00:00,GBP,8d2406af-018f-414d-bbc3-a25a05ac2e2e,contactless,LONDON,grocery,EC1A1BB,False,31.12,GBP,GBR,Go Puff,,31.12,01c699d4-966b-416d-bb3b-056195554f20,156,5411,APPLE_PAY,Gopuff,39494
61bccb45-6871-40eb-ab15-b21460f1184a,pending,2026-03-09 14:00:00,GBP,89ae1e27-269f-41d4-9102-87e3dd47e02e,online,LONDON,grocery,EC1A1BB,False,34.9,GBP,GBR,GOPUFF,,34.9,01c699d4-966b-416d-bb3b-056195554f20,174,5411,GOOGLE_PAY,Gopuff,70240
62dc8f62-73be-4e68-8391-d55b5c17a455,pending,2026-01-08 12:00:00,GBP,3590d80a-61af-4370-a55c-2b0fa5c4be67,contactless,LONDON,grocery,EC1A1BB,False,26.59,GBP,GBR,Gopuff,,26.59,776c544c-acdc-4932-9eb9-f89942363288,133,5411,,Gopuff,18591
4206d872-359a-48b1-b126-3612be343110,pending,2026-02-07 14:00:00,GBP,5d2d3a38-2fe8-474b-b94c-9e80c7750d55,online,LONDON,grocery,EC1A1BB,False,39.18,GBP,GBR,Go Puff,,39.18,776c544c-acdc-4932-9eb9-f89942363288,196,5411,APPLE_PAY,Gopuff,89406
07e004c9-757d-47ad-9835-4f6f2818ad6a,pending,2026-03-10 14:00:00,GBP,1b196322-50c3-43f6-8fe0-52e139321c1e,contactless,LONDON,grocery,EC1A1BB,False,25.91,GBP,GBR,Go Puff,,25.91,776c544c-acdc-4932-9eb9-f89942363288,130,5411,,Gopuff,17435
f1e53ec3-5621-4271-b7d5-4b86c808cb30,pending,2026-01-13 12:00:00,GBP,710c3a5b-3d6e-419c-a87a-b13558d3bd2c,online,LONDON,grocery,EC1A1BB,False,37.19,GBP,GBR,GOPUFF*DELIVERY,,37.19,21000570-7ec0-44fc-98f4-e582ed24a047,186,5411,,Gopuff,99051
4c61bad7-8ea9-47bc-af4a-59fffed6d8dd,pending,2026-02-16 14:00:00,GBP,876434f1-59d5-42fa-8c38-298df9dc9231,online,LONDON,grocery,EC1A1BB,False,9.38,GBP,GBR,GOPUFF,,9.38,21000570-7ec0-44fc-98f4-e582ed24a047,47,5411,GOOGLE_PAY,Gopuff,61164
68ef08a6-64f1-43a4-9577-73f81ac06e5a,pending,2026-03-08 14:00:00,GBP,19ba53ab-bb4c-4804-b831-a467c6b34705,contactless,LONDON,grocery,EC1A1BB,False,11.56,GBP,GBR,Go Puff,,11.56,21000570-7ec0-44fc-98f4-e582ed24a047,58,5411,GOOGLE_PAY,Gopuff,91293
ca540be3-bf0e-42b6-9b8f-f1d6dc4b0bca,pending,2026-01-14 12:00:00,GBP,08c89434-2b83-4b68-97ef-d03203d648e0,contactless,LONDON,grocery,EC1A1BB,False,37.34,GBP,GBR,GOPUFF,,37.34,f879b91f-0bdc-4a11-8289-d87b922a10db,187,5411,APPLE_PAY,Gopuff,42889
d61db93b-222f-4308-a4b8-177a00b27ec4,pending,2026-02-08 14:00:00,GBP,007ca283-fac4-4e73-b7b0-d7bece27ec41,online,LONDON,grocery,EC1A1BB,False,36.1,GBP,GBR,GOPUFF*DELIVERY,,36.1,f879b91f-0bdc-4a11-8289-d87b922a10db,180,5411,,Gopuff,66441
a0705fa5-d093-48c2-8ec8-d03efd2f4074,pending,2026-03-28 14:00:00,GBP,7ae780b5-8876-45f7-aa5b-ef4cee57a725,online,LONDON,grocery,EC1A1BB,False,42.02,GBP,GBR,GOPUFF,,42.02,f879b91f-0bdc-4a11-8289-d87b922a10db,210,5411,,Gopuff,38170
c377e33a-e0ca-48fa-a02a-dd692593f88d,pending,2026-02-14 12:00:00,GBP,798afcfa-3712-4365-9168-2b4e7e650efa,online,LONDON,grocery,EC1A1BB,False,24.83,GBP,GBR,Go Puff,,24.83,205c87d3-3a2a-4a87-8989-e3d5d5e2b92d,124,5411,,Gopuff,17399
c84d816d-f9b8-44fa-998c-951a3926bcdd,pending,2026-03-02 14:00:00,GBP,97d7c92c-f0bb-4d5c-8414-66055aa080c7,contactless,LONDON,grocery,EC1A1BB,False,33.27,GBP,GBR,GOPUFF,,33.27,205c87d3-3a2a-4a87-8989-e3d5d5e2b92d,166,5411,,Gopuff,15710
67326e14-2c19-4e82-adcb-6d073f0f9fcc,pending,2026-04-13 14:00:00,GBP,97594200-ee01-48a9-8fef-3828f6af6da9,online,LONDON,grocery,EC1A1BB,False,10.76,GBP,GBR,GOPUFF,,10.76,205c87d3-3a2a-4a87-8989-e3d5d5e2b92d,54,5411,GOOGLE_PAY,Gopuff,49689
323f258d-01fe-440a-bcaf-607835bc84af,pending,2026-02-12 12:00:00,GBP,58d183fb-c0dc-48d3-b0c5-bd642f4866f4,online,LONDON,grocery,EC1A1BB,False,37.58,GBP,GBR,Go Puff,,37.58,f3cd8d4f-88ff-4ede-948e-0285e3b1c12c,188,5411,,Gopuff,61454
422d0bfc-babe-41f9-a2a6-dc3dd9927e41,pending,2026-03-26 14:00:00,GBP,988a1d44-04b4-49e5-8de0-a9818a31fff2,online,LONDON,grocery,EC1A1BB,False,36.52,GBP,GBR,Go Puff,,36.52,f3cd8d4f-88ff-4ede-948e-0285e3b1c12c,183,5411,,Gopuff,21333
908072bd-a8c9-4479-8ddc-7921b5193ce4,pending,2026-04-26 14:00:00,GBP,9be68cfe-4507-4c92-a86b-8d8239de2910,contactless,LONDON,grocery,EC1A1BB,False,39.45,GBP,GBR,Gopuff,,39.45,f3cd8d4f-88ff-4ede-948e-0285e3b1c12c,197,5411,,Gopuff,88657
a08ed7d3-e90a-49ec-aaca-dbb14ebcc504,pending,2026-02-20 12:00:00,GBP,8e572f1b-b114-4f6e-a2fc-3f83abd89303,contactless,LONDON,grocery,EC1A1BB,False,9.47,GBP,GBR,Go Puff,,9.47,b463d4b3-ddf8-4ddb-9c4b-58ae9fc3c0f2,47,5411,,Gopuff,79705
b148efa3-9144-4986-a167-b8463ce0f7c1,pending,2026-03-16 14:00:00,GBP,646c602a-e8f6-4479-846a-148ff5994121,contactless,LONDON,grocery,EC1A1BB,False,6.48,GBP,GBR,Go Puff,,6.48,b463d4b3-ddf8-4ddb-9c4b-58ae9fc3c0f2,32,5411,APPLE_PAY,Gopuff,37513
bbec5b00-ac89-49db-97d9-62e54c8e03bd,pending,2026-04-09 14:00:00,GBP,86207947-34b8-4784-90d6-6a7984da838b,contactless,LONDON,grocery,EC1A1BB,False,15.7,GBP,GBR,Go Puff,,15.7,b463d4b3-ddf8-4ddb-9c4b-58ae9fc3c0f2,78,5411,,Gopuff,26754
aab0a9db-90af-4457-b8d7-73cebec9e035,pending,2026-02-13 12:00:00,GBP,01be79c8-a450-473c-9442-a098f36e117f,online,LONDON,grocery,EC1A1BB,False,38.13,GBP,GBR,Go Puff,,38.13,6af21aca-c607-4dc7-a423-7b9bac14a256,191,5411,,Gopuff,83602
df97ebb3-da3c-49de-a5f9-c557535e9630,pending,2026-03-10 14:00:00,GBP,19ba2458-10e8-4519-b8fa-64d24c88f770,contactless,LONDON,grocery,EC1A1BB,False,32.84,GBP,GBR,GOPUFF*DELIVERY,,32.84,6af21aca-c607-4dc7-a423-7b9bac14a256,164,5411,,Gopuff,22211
79066c61-9c4c-48cd-be3c-fca9cb079ba5,pending,2026-04-27 14:00:00,GBP,aa873d0a-77ef-47ff-bcc8-8ebc2bab45d2,online,LONDON,grocery,EC1A1BB,False,14.88,GBP,GBR,Go Puff,,14.88,6af21aca-c607-4dc7-a423-7b9bac14a256,74,5411,GOOGLE_PAY,Gopuff,80421
